family,city_jis,city_name,segment,rate_value,sample_count,source,stat_basis,period,acquired_on
KODATE_BUY,11101,さいたま市西区,FLOOR_SQM,321111,94,mlit_library,trade_unit_price_01,2025Q2-2026Q1,2026-09-08
KODATE_BUY,11101,さいたま市西区,LAND_SQM,238095,95,mlit_library,trade_unit_price_01,2025Q2-2026Q1,2026-09-08
KODATE_BUY,11102,さいたま市北区,FLOOR_SQM,410526,127,mlit_library,trade_unit_price_01,2025Q2-2026Q1,2026-09-08
KODATE_BUY,11102,さいたま市北区,LAND_SQM,400000,131,mlit_library,trade_unit_price_01,2025Q2-2026Q1,2026-09-08
KODATE_BUY,11103,さいたま市大宮区,FLOOR_SQM,502941,90,mlit_library,trade_unit_price_01,2025Q2-2026Q1,2026-09-08
KODATE_BUY,11103,さいたま市大宮区,LAND_SQM,505115,92,mlit_library,trade_unit_price_01,2025Q2-2026Q1,2026-09-08
KODATE_BUY,11104,さいたま市見沼区,FLOOR_SQM,357895,111,mlit_library,trade_unit_price_01,2025Q2-2026Q1,2026-09-08
KODATE_BUY,11104,さいたま市見沼区,LAND_SQM,296774,117,mlit_library,trade_unit_price_01,2025Q2-2026Q1,2026-09-08
KODATE_BUY,11105,さいたま市中央区,FLOOR_SQM,492105,52,mlit_library,trade_unit_price_01,2025Q2-2026Q1,2026-09-08
KODATE_BUY,11105,さいたま市中央区,LAND_SQM,538462,55,mlit_library,trade_unit_price_01,2025Q2-2026Q1,2026-09-08
KODATE_BUY,11106,さいたま市桜区,FLOOR_SQM,368421,81,mlit_library,trade_unit_price_01,2025Q2-2026Q1,2026-09-08
KODATE_BUY,11106,さいたま市桜区,LAND_SQM,336364,81,mlit_library,trade_unit_price_01,2025Q2-2026Q1,2026-09-08
KODATE_BUY,11107,さいたま市浦和区,FLOOR_SQM,500000,114,mlit_library,trade_unit_price_01,2025Q2-2026Q1,2026-09-08
KODATE_BUY,11107,さいたま市浦和区,LAND_SQM,528571,119,mlit_library,trade_unit_price_01,2025Q2-2026Q1,2026-09-08
KODATE_BUY,11108,さいたま市南区,FLOOR_SQM,472000,111,mlit_library,trade_unit_price_01,2025Q2-2026Q1,2026-09-08
KODATE_BUY,11108,さいたま市南区,LAND_SQM,530000,113,mlit_library,trade_unit_price_01,2025Q2-2026Q1,2026-09-08
KODATE_BUY,11109,さいたま市緑区,FLOOR_SQM,427193,140,mlit_library,trade_unit_price_01,2025Q2-2026Q1,2026-09-08
KODATE_BUY,11109,さいたま市緑区,LAND_SQM,365217,141,mlit_library,trade_unit_price_01,2025Q2-2026Q1,2026-09-08
KODATE_BUY,11110,さいたま市岩槻区,FLOOR_SQM,254545,115,mlit_library,trade_unit_price_01,2025Q2-2026Q1,2026-09-08
KODATE_BUY,11110,さいたま市岩槻区,LAND_SQM,166615,118,mlit_library,trade_unit_price_01,2025Q2-2026Q1,2026-09-08
KODATE_BUY,11201,川越市,FLOOR_SQM,280000,386,mlit_library,trade_unit_price_01,2025Q2-2026Q1,2026-09-08
KODATE_BUY,11201,川越市,LAND_SQM,216696,390,mlit_library,trade_unit_price_01,2025Q2-2026Q1,2026-09-08
KODATE_BUY,11202,熊谷市,FLOOR_SQM,148913,170,mlit_library,trade_unit_price_01,2025Q2-2026Q1,2026-09-08
KODATE_BUY,11202,熊谷市,LAND_SQM,100000,174,mlit_library,trade_unit_price_01,2025Q2-2026Q1,2026-09-08
KODATE_BUY,11203,川口市,FLOOR_SQM,370000,475,mlit_library,trade_unit_price_01,2025Q2-2026Q1,2026-09-08
KODATE_BUY,11203,川口市,LAND_SQM,368615,488,mlit_library,trade_unit_price_01,2025Q2-2026Q1,2026-09-08
KODATE_BUY,11206,行田市,FLOOR_SQM,88889,65,mlit_library,trade_unit_price_01,2025Q2-2026Q1,2026-09-08
KODATE_BUY,11206,行田市,LAND_SQM,56912,72,mlit_library,trade_unit_price_01,2025Q2-2026Q1,2026-09-08
KODATE_BUY,11207,秩父市,FLOOR_SQM,102857,23,mlit_library,trade_unit_price_01,2025Q2-2026Q1,2026-09-08
KODATE_BUY,11207,秩父市,LAND_SQM,32003,29,mlit_library,trade_unit_price_01,2025Q2-2026Q1,2026-09-08
KODATE_BUY,11208,所沢市,FLOOR_SQM,315302,304,mlit_library,trade_unit_price_01,2025Q2-2026Q1,2026-09-08
KODATE_BUY,11208,所沢市,LAND_SQM,266667,305,mlit_library,trade_unit_price_01,2025Q2-2026Q1,2026-09-08
KODATE_BUY,11209,飯能市,FLOOR_SQM,160000,91,mlit_library,trade_unit_price_01,2025Q2-2026Q1,2026-09-08
KODATE_BUY,11209,飯能市,LAND_SQM,105398,92,mlit_library,trade_unit_price_01,2025Q2-2026Q1,2026-09-08
KODATE_BUY,11210,加須市,FLOOR_SQM,145141,140,mlit_library,trade_unit_price_01,2025Q2-2026Q1,2026-09-08
KODATE_BUY,11210,加須市,LAND_SQM,61290,145,mlit_library,trade_unit_price_01,2025Q2-2026Q1,2026-09-08
KODATE_BUY,11211,本庄市,FLOOR_SQM,105263,69,mlit_library,trade_unit_price_01,2025Q2-2026Q1,2026-09-08
KODATE_BUY,11211,本庄市,LAND_SQM,51000,70,mlit_library,trade_unit_price_01,2025Q2-2026Q1,2026-09-08
KODATE_BUY,11212,東松山市,FLOOR_SQM,155844,85,mlit_library,trade_unit_price_01,2025Q2-2026Q1,2026-09-08
KODATE_BUY,11212,東松山市,LAND_SQM,94975,92,mlit_library,trade_unit_price_01,2025Q2-2026Q1,2026-09-08
KODATE_BUY,11214,春日部市,FLOOR_SQM,208333,251,mlit_library,trade_unit_price_01,2025Q2-2026Q1,2026-09-08
KODATE_BUY,11214,春日部市,LAND_SQM,167742,261,mlit_library,trade_unit_price_01,2025Q2-2026Q1,2026-09-08
KODATE_BUY,11215,狭山市,FLOOR_SQM,227273,135,mlit_library,trade_unit_price_01,2025Q2-2026Q1,2026-09-08
KODATE_BUY,11215,狭山市,LAND_SQM,157545,136,mlit_library,trade_unit_price_01,2025Q2-2026Q1,2026-09-08
KODATE_BUY,11216,羽生市,FLOOR_SQM,121212,47,mlit_library,trade_unit_price_01,2025Q2-2026Q1,2026-09-08
KODATE_BUY,11216,羽生市,LAND_SQM,40741,53,mlit_library,trade_unit_price_01,2025Q2-2026Q1,2026-09-08
KODATE_BUY,11217,鴻巣市,FLOOR_SQM,200000,89,mlit_library,trade_unit_price_01,2025Q2-2026Q1,2026-09-08
KODATE_BUY,11217,鴻巣市,LAND_SQM,100000,93,mlit_library,trade_unit_price_01,2025Q2-2026Q1,2026-09-08
KODATE_BUY,11218,深谷市,FLOOR_SQM,119091,100,mlit_library,trade_unit_price_01,2025Q2-2026Q1,2026-09-08
KODATE_BUY,11218,深谷市,LAND_SQM,54229,106,mlit_library,trade_unit_price_01,2025Q2-2026Q1,2026-09-08
KODATE_BUY,11219,上尾市,FLOOR_SQM,330000,237,mlit_library,trade_unit_price_01,2025Q2-2026Q1,2026-09-08
KODATE_BUY,11219,上尾市,LAND_SQM,250000,250,mlit_library,trade_unit_price_01,2025Q2-2026Q1,2026-09-08
KODATE_BUY,11221,草加市,FLOOR_SQM,364706,207,mlit_library,trade_unit_price_01,2025Q2-2026Q1,2026-09-08
KODATE_BUY,11221,草加市,LAND_SQM,303030,210,mlit_library,trade_unit_price_01,2025Q2-2026Q1,2026-09-08
KODATE_BUY,11222,越谷市,FLOOR_SQM,294737,343,mlit_library,trade_unit_price_01,2025Q2-2026Q1,2026-09-08
KODATE_BUY,11222,越谷市,LAND_SQM,247059,347,mlit_library,trade_unit_price_01,2025Q2-2026Q1,2026-09-08
KODATE_BUY,11223,蕨市,FLOOR_SQM,471429,78,mlit_library,trade_unit_price_01,2025Q2-2026Q1,2026-09-08
KODATE_BUY,11223,蕨市,LAND_SQM,622549,80,mlit_library,trade_unit_price_01,2025Q2-2026Q1,2026-09-08
KODATE_BUY,11224,戸田市,FLOOR_SQM,442857,67,mlit_library,trade_unit_price_01,2025Q2-2026Q1,2026-09-08
KODATE_BUY,11224,戸田市,LAND_SQM,454545,73,mlit_library,trade_unit_price_01,2025Q2-2026Q1,2026-09-08
KODATE_BUY,11225,入間市,FLOOR_SQM,234314,138,mlit_library,trade_unit_price_01,2025Q2-2026Q1,2026-09-08
KODATE_BUY,11225,入間市,LAND_SQM,176000,145,mlit_library,trade_unit_price_01,2025Q2-2026Q1,2026-09-08
KODATE_BUY,11227,朝霞市,FLOOR_SQM,420000,78,mlit_library,trade_unit_price_01,2025Q2-2026Q1,2026-09-08
KODATE_BUY,11227,朝霞市,LAND_SQM,460000,79,mlit_library,trade_unit_price_01,2025Q2-2026Q1,2026-09-08
KODATE_BUY,11228,志木市,FLOOR_SQM,263889,51,mlit_library,trade_unit_price_01,2025Q2-2026Q1,2026-09-08
KODATE_BUY,11228,志木市,LAND_SQM,263636,51,mlit_library,trade_unit_price_01,2025Q2-2026Q1,2026-09-08
KODATE_BUY,11229,和光市,FLOOR_SQM,443275,46,mlit_library,trade_unit_price_01,2025Q2-2026Q1,2026-09-08
KODATE_BUY,11229,和光市,LAND_SQM,422500,46,mlit_library,trade_unit_price_01,2025Q2-2026Q1,2026-09-08
KODATE_BUY,11230,新座市,FLOOR_SQM,373214,170,mlit_library,trade_unit_price_01,2025Q2-2026Q1,2026-09-08
KODATE_BUY,11230,新座市,LAND_SQM,342857,173,mlit_library,trade_unit_price_01,2025Q2-2026Q1,2026-09-08
KODATE_BUY,11231,桶川市,FLOOR_SQM,258571,84,mlit_library,trade_unit_price_01,2025Q2-2026Q1,2026-09-08
KODATE_BUY,11231,桶川市,LAND_SQM,200000,86,mlit_library,trade_unit_price_01,2025Q2-2026Q1,2026-09-08
KODATE_BUY,11232,久喜市,FLOOR_SQM,200000,121,mlit_library,trade_unit_price_01,2025Q2-2026Q1,2026-09-08
KODATE_BUY,11232,久喜市,LAND_SQM,114883,126,mlit_library,trade_unit_price_01,2025Q2-2026Q1,2026-09-08
KODATE_BUY,11233,北本市,FLOOR_SQM,231283,50,mlit_library,trade_unit_price_01,2025Q2-2026Q1,2026-09-08
KODATE_BUY,11233,北本市,LAND_SQM,171429,51,mlit_library,trade_unit_price_01,2025Q2-2026Q1,2026-09-08
KODATE_BUY,11234,八潮市,FLOOR_SQM,326667,74,mlit_library,trade_unit_price_01,2025Q2-2026Q1,2026-09-08
KODATE_BUY,11234,八潮市,LAND_SQM,246739,74,mlit_library,trade_unit_price_01,2025Q2-2026Q1,2026-09-08
KODATE_BUY,11235,富士見市,FLOOR_SQM,387451,140,mlit_library,trade_unit_price_01,2025Q2-2026Q1,2026-09-08
KODATE_BUY,11235,富士見市,LAND_SQM,321429,145,mlit_library,trade_unit_price_01,2025Q2-2026Q1,2026-09-08
KODATE_BUY,11237,三郷市,FLOOR_SQM,270000,115,mlit_library,trade_unit_price_01,2025Q2-2026Q1,2026-09-08
KODATE_BUY,11237,三郷市,LAND_SQM,238644,116,mlit_library,trade_unit_price_01,2025Q2-2026Q1,2026-09-08
KODATE_BUY,11238,蓮田市,FLOOR_SQM,171429,53,mlit_library,trade_unit_price_01,2025Q2-2026Q1,2026-09-08
KODATE_BUY,11238,蓮田市,LAND_SQM,121856,54,mlit_library,trade_unit_price_01,2025Q2-2026Q1,2026-09-08
KODATE_BUY,11239,坂戸市,FLOOR_SQM,150000,108,mlit_library,trade_unit_price_01,2025Q2-2026Q1,2026-09-08
KODATE_BUY,11239,坂戸市,LAND_SQM,110470,110,mlit_library,trade_unit_price_01,2025Q2-2026Q1,2026-09-08
KODATE_BUY,11240,幸手市,FLOOR_SQM,120000,37,mlit_library,trade_unit_price_01,2025Q2-2026Q1,2026-09-08
KODATE_BUY,11240,幸手市,LAND_SQM,59832,38,mlit_library,trade_unit_price_01,2025Q2-2026Q1,2026-09-08
KODATE_BUY,11241,鶴ケ島市,FLOOR_SQM,175500,72,mlit_library,trade_unit_price_01,2025Q2-2026Q1,2026-09-08
KODATE_BUY,11241,鶴ケ島市,LAND_SQM,130714,74,mlit_library,trade_unit_price_01,2025Q2-2026Q1,2026-09-08
KODATE_BUY,11242,日高市,FLOOR_SQM,104348,67,mlit_library,trade_unit_price_01,2025Q2-2026Q1,2026-09-08
KODATE_BUY,11242,日高市,LAND_SQM,53125,67,mlit_library,trade_unit_price_01,2025Q2-2026Q1,2026-09-08
KODATE_BUY,11243,吉川市,FLOOR_SQM,301604,58,mlit_library,trade_unit_price_01,2025Q2-2026Q1,2026-09-08
KODATE_BUY,11243,吉川市,LAND_SQM,166925,58,mlit_library,trade_unit_price_01,2025Q2-2026Q1,2026-09-08
KODATE_BUY,11245,ふじみ野市,FLOOR_SQM,330000,80,mlit_library,trade_unit_price_01,2025Q2-2026Q1,2026-09-08
KODATE_BUY,11245,ふじみ野市,LAND_SQM,302857,83,mlit_library,trade_unit_price_01,2025Q2-2026Q1,2026-09-08
KODATE_BUY,11246,白岡市,FLOOR_SQM,104545,32,mlit_library,trade_unit_price_01,2025Q2-2026Q1,2026-09-08
KODATE_BUY,11246,白岡市,LAND_SQM,51190,32,mlit_library,trade_unit_price_01,2025Q2-2026Q1,2026-09-08
KODATE_BUY,11301,北足立郡伊奈町,FLOOR_SQM,196774,30,mlit_library,trade_unit_price_01,2025Q2-2026Q1,2026-09-08
KODATE_BUY,11301,北足立郡伊奈町,LAND_SQM,136667,32,mlit_library,trade_unit_price_01,2025Q2-2026Q1,2026-09-08
KODATE_BUY,11324,入間郡三芳町,FLOOR_SQM,227273,13,mlit_library,trade_unit_price_01,2025Q2-2026Q1,2026-09-08
KODATE_BUY,11324,入間郡三芳町,LAND_SQM,294118,18,mlit_library,trade_unit_price_01,2025Q2-2026Q1,2026-09-08
KODATE_BUY,11326,入間郡毛呂山町,FLOOR_SQM,73030,54,mlit_library,trade_unit_price_01,2025Q2-2026Q1,2026-09-08
KODATE_BUY,11326,入間郡毛呂山町,LAND_SQM,44038,56,mlit_library,trade_unit_price_01,2025Q2-2026Q1,2026-09-08
KODATE_BUY,11327,入間郡越生町,FLOOR_SQM,33758,10,mlit_library,trade_unit_price_01,2025Q2-2026Q1,2026-09-08
KODATE_BUY,11327,入間郡越生町,LAND_SQM,11757,10,mlit_library,trade_unit_price_01,2025Q2-2026Q1,2026-09-08
KODATE_BUY,11341,比企郡滑川町,FLOOR_SQM,220000,25,mlit_library,trade_unit_price_01,2025Q2-2026Q1,2026-09-08
KODATE_BUY,11341,比企郡滑川町,LAND_SQM,117647,25,mlit_library,trade_unit_price_01,2025Q2-2026Q1,2026-09-08
KODATE_BUY,11342,比企郡嵐山町,FLOOR_SQM,123195,16,mlit_library,trade_unit_price_01,2025Q2-2026Q1,2026-09-08
KODATE_BUY,11342,比企郡嵐山町,LAND_SQM,57306,16,mlit_library,trade_unit_price_01,2025Q2-2026Q1,2026-09-08
KODATE_BUY,11343,比企郡小川町,FLOOR_SQM,47913,36,mlit_library,trade_unit_price_01,2025Q2-2026Q1,2026-09-08
KODATE_BUY,11343,比企郡小川町,LAND_SQM,23000,37,mlit_library,trade_unit_price_01,2025Q2-2026Q1,2026-09-08
KODATE_BUY,11346,比企郡川島町,FLOOR_SQM,161905,19,mlit_library,trade_unit_price_01,2025Q2-2026Q1,2026-09-08
KODATE_BUY,11346,比企郡川島町,LAND_SQM,55556,21,mlit_library,trade_unit_price_01,2025Q2-2026Q1,2026-09-08
KODATE_BUY,11347,比企郡吉見町,FLOOR_SQM,80556,10,mlit_library,trade_unit_price_01,2025Q2-2026Q1,2026-09-08
KODATE_BUY,11347,比企郡吉見町,LAND_SQM,32075,10,mlit_library,trade_unit_price_01,2025Q2-2026Q1,2026-09-08
KODATE_BUY,11348,比企郡鳩山町,FLOOR_SQM,50769,15,mlit_library,trade_unit_price_01,2025Q2-2026Q1,2026-09-08
KODATE_BUY,11348,比企郡鳩山町,LAND_SQM,20476,16,mlit_library,trade_unit_price_01,2025Q2-2026Q1,2026-09-08
KODATE_BUY,11349,比企郡ときがわ町,FLOOR_SQM,31818,11,mlit_library,trade_unit_price_01,2025Q2-2026Q1,2026-09-08
KODATE_BUY,11349,比企郡ときがわ町,LAND_SQM,8750,11,mlit_library,trade_unit_price_01,2025Q2-2026Q1,2026-09-08
KODATE_BUY,11385,児玉郡上里町,FLOOR_SQM,80952,23,mlit_library,trade_unit_price_01,2025Q2-2026Q1,2026-09-08
KODATE_BUY,11385,児玉郡上里町,LAND_SQM,29171,24,mlit_library,trade_unit_price_01,2025Q2-2026Q1,2026-09-08
KODATE_BUY,11408,大里郡寄居町,FLOOR_SQM,44444,53,mlit_library,trade_unit_price_01,2025Q2-2026Q1,2026-09-08
KODATE_BUY,11408,大里郡寄居町,LAND_SQM,22857,55,mlit_library,trade_unit_price_01,2025Q2-2026Q1,2026-09-08
KODATE_BUY,11442,南埼玉郡宮代町,FLOOR_SQM,112847,26,mlit_library,trade_unit_price_01,2025Q2-2026Q1,2026-09-08
KODATE_BUY,11442,南埼玉郡宮代町,LAND_SQM,85714,31,mlit_library,trade_unit_price_01,2025Q2-2026Q1,2026-09-08
KODATE_BUY,11464,北葛飾郡杉戸町,FLOOR_SQM,111905,36,mlit_library,trade_unit_price_01,2025Q2-2026Q1,2026-09-08
KODATE_BUY,11464,北葛飾郡杉戸町,LAND_SQM,62963,37,mlit_library,trade_unit_price_01,2025Q2-2026Q1,2026-09-08
KODATE_BUY,11465,北葛飾郡松伏町,FLOOR_SQM,212267,44,mlit_library,trade_unit_price_01,2025Q2-2026Q1,2026-09-08
KODATE_BUY,11465,北葛飾郡松伏町,LAND_SQM,126667,45,mlit_library,trade_unit_price_01,2025Q2-2026Q1,2026-09-08
KODATE_BUY,12101,千葉市中央区,FLOOR_SQM,284211,176,mlit_library,trade_unit_price_01,2025Q2-2026Q1,2026-09-08
KODATE_BUY,12101,千葉市中央区,LAND_SQM,210250,176,mlit_library,trade_unit_price_01,2025Q2-2026Q1,2026-09-08
KODATE_BUY,12102,千葉市花見川区,FLOOR_SQM,315789,138,mlit_library,trade_unit_price_01,2025Q2-2026Q1,2026-09-08
KODATE_BUY,12102,千葉市花見川区,LAND_SQM,253919,150,mlit_library,trade_unit_price_01,2025Q2-2026Q1,2026-09-08
KODATE_BUY,12103,千葉市稲毛区,FLOOR_SQM,323810,115,mlit_library,trade_unit_price_01,2025Q2-2026Q1,2026-09-08
KODATE_BUY,12103,千葉市稲毛区,LAND_SQM,264000,119,mlit_library,trade_unit_price_01,2025Q2-2026Q1,2026-09-08
KODATE_BUY,12104,千葉市若葉区,FLOOR_SQM,294118,149,mlit_library,trade_unit_price_01,2025Q2-2026Q1,2026-09-08
KODATE_BUY,12104,千葉市若葉区,LAND_SQM,173333,151,mlit_library,trade_unit_price_01,2025Q2-2026Q1,2026-09-08
KODATE_BUY,12105,千葉市緑区,FLOOR_SQM,226050,102,mlit_library,trade_unit_price_01,2025Q2-2026Q1,2026-09-08
KODATE_BUY,12105,千葉市緑区,LAND_SQM,154545,106,mlit_library,trade_unit_price_01,2025Q2-2026Q1,2026-09-08
KODATE_BUY,12106,千葉市美浜区,FLOOR_SQM,484211,49,mlit_library,trade_unit_price_01,2025Q2-2026Q1,2026-09-08
KODATE_BUY,12106,千葉市美浜区,LAND_SQM,442105,49,mlit_library,trade_unit_price_01,2025Q2-2026Q1,2026-09-08
KODATE_BUY,12202,銚子市,FLOOR_SQM,13125,80,mlit_library,trade_unit_price_01,2025Q2-2026Q1,2026-09-08
KODATE_BUY,12202,銚子市,LAND_SQM,7419,84,mlit_library,trade_unit_price_01,2025Q2-2026Q1,2026-09-08
KODATE_BUY,12203,市川市,FLOOR_SQM,461538,439,mlit_library,trade_unit_price_01,2025Q2-2026Q1,2026-09-08
KODATE_BUY,12203,市川市,LAND_SQM,400000,449,mlit_library,trade_unit_price_01,2025Q2-2026Q1,2026-09-08
KODATE_BUY,12204,船橋市,FLOOR_SQM,347368,505,mlit_library,trade_unit_price_01,2025Q2-2026Q1,2026-09-08
KODATE_BUY,12204,船橋市,LAND_SQM,264706,529,mlit_library,trade_unit_price_01,2025Q2-2026Q1,2026-09-08
KODATE_BUY,12205,館山市,FLOOR_SQM,88889,99,mlit_library,trade_unit_price_01,2025Q2-2026Q1,2026-09-08
KODATE_BUY,12205,館山市,LAND_SQM,32154,102,mlit_library,trade_unit_price_01,2025Q2-2026Q1,2026-09-08
KODATE_BUY,12206,木更津市,FLOOR_SQM,176471,149,mlit_library,trade_unit_price_01,2025Q2-2026Q1,2026-09-08
KODATE_BUY,12206,木更津市,LAND_SQM,86667,155,mlit_library,trade_unit_price_01,2025Q2-2026Q1,2026-09-08
KODATE_BUY,12207,松戸市,FLOOR_SQM,350000,375,mlit_library,trade_unit_price_01,2025Q2-2026Q1,2026-09-08
KODATE_BUY,12207,松戸市,LAND_SQM,281481,397,mlit_library,trade_unit_price_01,2025Q2-2026Q1,2026-09-08
KODATE_BUY,12208,野田市,FLOOR_SQM,190476,163,mlit_library,trade_unit_price_01,2025Q2-2026Q1,2026-09-08
KODATE_BUY,12208,野田市,LAND_SQM,109821,164,mlit_library,trade_unit_price_01,2025Q2-2026Q1,2026-09-08
KODATE_BUY,12210,茂原市,FLOOR_SQM,60400,126,mlit_library,trade_unit_price_01,2025Q2-2026Q1,2026-09-08
KODATE_BUY,12210,茂原市,LAND_SQM,24242,127,mlit_library,trade_unit_price_01,2025Q2-2026Q1,2026-09-08
KODATE_BUY,12211,成田市,FLOOR_SQM,204348,74,mlit_library,trade_unit_price_01,2025Q2-2026Q1,2026-09-08
KODATE_BUY,12211,成田市,LAND_SQM,127778,75,mlit_library,trade_unit_price_01,2025Q2-2026Q1,2026-09-08
KODATE_BUY,12212,佐倉市,FLOOR_SQM,165217,173,mlit_library,trade_unit_price_01,2025Q2-2026Q1,2026-09-08
KODATE_BUY,12212,佐倉市,LAND_SQM,109091,177,mlit_library,trade_unit_price_01,2025Q2-2026Q1,2026-09-08
KODATE_BUY,12213,東金市,FLOOR_SQM,68375,84,mlit_library,trade_unit_price_01,2025Q2-2026Q1,2026-09-08
KODATE_BUY,12213,東金市,LAND_SQM,29583,86,mlit_library,trade_unit_price_01,2025Q2-2026Q1,2026-09-08
KODATE_BUY,12215,旭市,FLOOR_SQM,46316,53,mlit_library,trade_unit_price_01,2025Q2-2026Q1,2026-09-08
KODATE_BUY,12215,旭市,LAND_SQM,17404,56,mlit_library,trade_unit_price_01,2025Q2-2026Q1,2026-09-08
KODATE_BUY,12216,習志野市,FLOOR_SQM,364706,123,mlit_library,trade_unit_price_01,2025Q2-2026Q1,2026-09-08
KODATE_BUY,12216,習志野市,LAND_SQM,312000,133,mlit_library,trade_unit_price_01,2025Q2-2026Q1,2026-09-08
KODATE_BUY,12217,柏市,FLOOR_SQM,303810,394,mlit_library,trade_unit_price_01,2025Q2-2026Q1,2026-09-08
KODATE_BUY,12217,柏市,LAND_SQM,224000,407,mlit_library,trade_unit_price_01,2025Q2-2026Q1,2026-09-08
KODATE_BUY,12218,勝浦市,FLOOR_SQM,89356,42,mlit_library,trade_unit_price_01,2025Q2-2026Q1,2026-09-08
KODATE_BUY,12218,勝浦市,LAND_SQM,36019,42,mlit_library,trade_unit_price_01,2025Q2-2026Q1,2026-09-08
KODATE_BUY,12219,市原市,FLOOR_SQM,115152,245,mlit_library,trade_unit_price_01,2025Q2-2026Q1,2026-09-08
KODATE_BUY,12219,市原市,LAND_SQM,64762,249,mlit_library,trade_unit_price_01,2025Q2-2026Q1,2026-09-08
KODATE_BUY,12220,流山市,FLOOR_SQM,442105,177,mlit_library,trade_unit_price_01,2025Q2-2026Q1,2026-09-08
KODATE_BUY,12220,流山市,LAND_SQM,366819,194,mlit_library,trade_unit_price_01,2025Q2-2026Q1,2026-09-08
KODATE_BUY,12221,八千代市,FLOOR_SQM,318182,191,mlit_library,trade_unit_price_01,2025Q2-2026Q1,2026-09-08
KODATE_BUY,12221,八千代市,LAND_SQM,252754,212,mlit_library,trade_unit_price_01,2025Q2-2026Q1,2026-09-08
KODATE_BUY,12222,我孫子市,FLOOR_SQM,225397,160,mlit_library,trade_unit_price_01,2025Q2-2026Q1,2026-09-08
KODATE_BUY,12222,我孫子市,LAND_SQM,151538,166,mlit_library,trade_unit_price_01,2025Q2-2026Q1,2026-09-08
KODATE_BUY,12223,鴨川市,FLOOR_SQM,54356,24,mlit_library,trade_unit_price_01,2025Q2-2026Q1,2026-09-08
KODATE_BUY,12223,鴨川市,LAND_SQM,19733,26,mlit_library,trade_unit_price_01,2025Q2-2026Q1,2026-09-08
KODATE_BUY,12224,鎌ケ谷市,FLOOR_SQM,230769,143,mlit_library,trade_unit_price_01,2025Q2-2026Q1,2026-09-08
KODATE_BUY,12224,鎌ケ谷市,LAND_SQM,190000,145,mlit_library,trade_unit_price_01,2025Q2-2026Q1,2026-09-08
KODATE_BUY,12225,君津市,FLOOR_SQM,138421,72,mlit_library,trade_unit_price_01,2025Q2-2026Q1,2026-09-08
KODATE_BUY,12225,君津市,LAND_SQM,62791,77,mlit_library,trade_unit_price_01,2025Q2-2026Q1,2026-09-08
KODATE_BUY,12226,富津市,FLOOR_SQM,68421,63,mlit_library,trade_unit_price_01,2025Q2-2026Q1,2026-09-08
KODATE_BUY,12226,富津市,LAND_SQM,21277,65,mlit_library,trade_unit_price_01,2025Q2-2026Q1,2026-09-08
KODATE_BUY,12227,浦安市,FLOOR_SQM,623641,80,mlit_library,trade_unit_price_01,2025Q2-2026Q1,2026-09-08
KODATE_BUY,12227,浦安市,LAND_SQM,603030,82,mlit_library,trade_unit_price_01,2025Q2-2026Q1,2026-09-08
KODATE_BUY,12228,四街道市,FLOOR_SQM,242857,89,mlit_library,trade_unit_price_01,2025Q2-2026Q1,2026-09-08
KODATE_BUY,12228,四街道市,LAND_SQM,152632,95,mlit_library,trade_unit_price_01,2025Q2-2026Q1,2026-09-08
KODATE_BUY,12229,袖ケ浦市,FLOOR_SQM,136966,64,mlit_library,trade_unit_price_01,2025Q2-2026Q1,2026-09-08
KODATE_BUY,12229,袖ケ浦市,LAND_SQM,83871,67,mlit_library,trade_unit_price_01,2025Q2-2026Q1,2026-09-08
KODATE_BUY,12230,八街市,FLOOR_SQM,55238,95,mlit_library,trade_unit_price_01,2025Q2-2026Q1,2026-09-08
KODATE_BUY,12230,八街市,LAND_SQM,31184,98,mlit_library,trade_unit_price_01,2025Q2-2026Q1,2026-09-08
KODATE_BUY,12231,印西市,FLOOR_SQM,360000,87,mlit_library,trade_unit_price_01,2025Q2-2026Q1,2026-09-08
KODATE_BUY,12231,印西市,LAND_SQM,229412,92,mlit_library,trade_unit_price_01,2025Q2-2026Q1,2026-09-08
KODATE_BUY,12232,白井市,FLOOR_SQM,255495,44,mlit_library,trade_unit_price_01,2025Q2-2026Q1,2026-09-08
KODATE_BUY,12232,白井市,LAND_SQM,174597,44,mlit_library,trade_unit_price_01,2025Q2-2026Q1,2026-09-08
KODATE_BUY,12233,富里市,FLOOR_SQM,118322,64,mlit_library,trade_unit_price_01,2025Q2-2026Q1,2026-09-08
KODATE_BUY,12233,富里市,LAND_SQM,64516,65,mlit_library,trade_unit_price_01,2025Q2-2026Q1,2026-09-08
KODATE_BUY,12234,南房総市,FLOOR_SQM,57143,57,mlit_library,trade_unit_price_01,2025Q2-2026Q1,2026-09-08
KODATE_BUY,12234,南房総市,LAND_SQM,20735,58,mlit_library,trade_unit_price_01,2025Q2-2026Q1,2026-09-08
KODATE_BUY,12235,匝瑳市,FLOOR_SQM,32727,15,mlit_library,trade_unit_price_01,2025Q2-2026Q1,2026-09-08
KODATE_BUY,12235,匝瑳市,LAND_SQM,17308,15,mlit_library,trade_unit_price_01,2025Q2-2026Q1,2026-09-08
KODATE_BUY,12236,香取市,FLOOR_SQM,31579,55,mlit_library,trade_unit_price_01,2025Q2-2026Q1,2026-09-08
KODATE_BUY,12236,香取市,LAND_SQM,8788,59,mlit_library,trade_unit_price_01,2025Q2-2026Q1,2026-09-08
KODATE_BUY,12237,山武市,FLOOR_SQM,42105,58,mlit_library,trade_unit_price_01,2025Q2-2026Q1,2026-09-08
KODATE_BUY,12237,山武市,LAND_SQM,14972,62,mlit_library,trade_unit_price_01,2025Q2-2026Q1,2026-09-08
KODATE_BUY,12238,いすみ市,FLOOR_SQM,60952,77,mlit_library,trade_unit_price_01,2025Q2-2026Q1,2026-09-08
KODATE_BUY,12238,いすみ市,LAND_SQM,14053,78,mlit_library,trade_unit_price_01,2025Q2-2026Q1,2026-09-08
KODATE_BUY,12239,大網白里市,FLOOR_SQM,98333,79,mlit_library,trade_unit_price_01,2025Q2-2026Q1,2026-09-08
KODATE_BUY,12239,大網白里市,LAND_SQM,32341,82,mlit_library,trade_unit_price_01,2025Q2-2026Q1,2026-09-08
KODATE_BUY,12322,印旛郡酒々井町,FLOOR_SQM,141667,25,mlit_library,trade_unit_price_01,2025Q2-2026Q1,2026-09-08
KODATE_BUY,12322,印旛郡酒々井町,LAND_SQM,69099,26,mlit_library,trade_unit_price_01,2025Q2-2026Q1,2026-09-08
KODATE_BUY,12329,印旛郡栄町,FLOOR_SQM,82500,21,mlit_library,trade_unit_price_01,2025Q2-2026Q1,2026-09-08
KODATE_BUY,12329,印旛郡栄町,LAND_SQM,47143,21,mlit_library,trade_unit_price_01,2025Q2-2026Q1,2026-09-08
KODATE_BUY,12403,山武郡九十九里町,FLOOR_SQM,61250,13,mlit_library,trade_unit_price_01,2025Q2-2026Q1,2026-09-08
KODATE_BUY,12403,山武郡九十九里町,LAND_SQM,17600,15,mlit_library,trade_unit_price_01,2025Q2-2026Q1,2026-09-08
KODATE_BUY,12410,山武郡横芝光町,FLOOR_SQM,28571,25,mlit_library,trade_unit_price_01,2025Q2-2026Q1,2026-09-08
KODATE_BUY,12410,山武郡横芝光町,LAND_SQM,9524,27,mlit_library,trade_unit_price_01,2025Q2-2026Q1,2026-09-08
KODATE_BUY,12421,長生郡一宮町,FLOOR_SQM,142857,27,mlit_library,trade_unit_price_01,2025Q2-2026Q1,2026-09-08
KODATE_BUY,12421,長生郡一宮町,LAND_SQM,43590,27,mlit_library,trade_unit_price_01,2025Q2-2026Q1,2026-09-08
KODATE_BUY,12423,長生郡長生村,FLOOR_SQM,70526,17,mlit_library,trade_unit_price_01,2025Q2-2026Q1,2026-09-08
KODATE_BUY,12423,長生郡長生村,LAND_SQM,24737,17,mlit_library,trade_unit_price_01,2025Q2-2026Q1,2026-09-08
KODATE_BUY,12424,長生郡白子町,FLOOR_SQM,50000,18,mlit_library,trade_unit_price_01,2025Q2-2026Q1,2026-09-08
KODATE_BUY,12424,長生郡白子町,LAND_SQM,20730,18,mlit_library,trade_unit_price_01,2025Q2-2026Q1,2026-09-08
KODATE_BUY,12443,夷隅郡御宿町,FLOOR_SQM,125926,33,mlit_library,trade_unit_price_01,2025Q2-2026Q1,2026-09-08
KODATE_BUY,12443,夷隅郡御宿町,LAND_SQM,31327,34,mlit_library,trade_unit_price_01,2025Q2-2026Q1,2026-09-08
KODATE_BUY,12463,安房郡鋸南町,FLOOR_SQM,43529,14,mlit_library,trade_unit_price_01,2025Q2-2026Q1,2026-09-08
KODATE_BUY,12463,安房郡鋸南町,LAND_SQM,25714,15,mlit_library,trade_unit_price_01,2025Q2-2026Q1,2026-09-08
KODATE_BUY,13101,千代田区,FLOOR_SQM,1454545,31,mlit_library,trade_unit_price_01,2025Q2-2026Q1,2026-09-08
KODATE_BUY,13101,千代田区,LAND_SQM,5596154,32,mlit_library,trade_unit_price_01,2025Q2-2026Q1,2026-09-08
KODATE_BUY,13102,中央区,FLOOR_SQM,1322917,44,mlit_library,trade_unit_price_01,2025Q2-2026Q1,2026-09-08
KODATE_BUY,13102,中央区,LAND_SQM,4800000,47,mlit_library,trade_unit_price_01,2025Q2-2026Q1,2026-09-08
KODATE_BUY,13103,港区,FLOOR_SQM,1875598,78,mlit_library,trade_unit_price_01,2025Q2-2026Q1,2026-09-08
KODATE_BUY,13103,港区,LAND_SQM,5000000,79,mlit_library,trade_unit_price_01,2025Q2-2026Q1,2026-09-08
KODATE_BUY,13104,新宿区,FLOOR_SQM,1105556,134,mlit_library,trade_unit_price_01,2025Q2-2026Q1,2026-09-08
KODATE_BUY,13104,新宿区,LAND_SQM,1631579,143,mlit_library,trade_unit_price_01,2025Q2-2026Q1,2026-09-08
KODATE_BUY,13105,文京区,FLOOR_SQM,1177419,103,mlit_library,trade_unit_price_01,2025Q2-2026Q1,2026-09-08
KODATE_BUY,13105,文京区,LAND_SQM,1685440,108,mlit_library,trade_unit_price_01,2025Q2-2026Q1,2026-09-08
KODATE_BUY,13106,台東区,FLOOR_SQM,888889,104,mlit_library,trade_unit_price_01,2025Q2-2026Q1,2026-09-08
KODATE_BUY,13106,台東区,LAND_SQM,2117647,117,mlit_library,trade_unit_price_01,2025Q2-2026Q1,2026-09-08
KODATE_BUY,13107,墨田区,FLOOR_SQM,714286,139,mlit_library,trade_unit_price_01,2025Q2-2026Q1,2026-09-08
KODATE_BUY,13107,墨田区,LAND_SQM,1100000,145,mlit_library,trade_unit_price_01,2025Q2-2026Q1,2026-09-08
KODATE_BUY,13108,江東区,FLOOR_SQM,750000,139,mlit_library,trade_unit_price_01,2025Q2-2026Q1,2026-09-08
KODATE_BUY,13108,江東区,LAND_SQM,1126667,152,mlit_library,trade_unit_price_01,2025Q2-2026Q1,2026-09-08
KODATE_BUY,13109,品川区,FLOOR_SQM,978261,183,mlit_library,trade_unit_price_01,2025Q2-2026Q1,2026-09-08
KODATE_BUY,13109,品川区,LAND_SQM,1263158,191,mlit_library,trade_unit_price_01,2025Q2-2026Q1,2026-09-08
KODATE_BUY,13110,目黒区,FLOOR_SQM,1217391,103,mlit_library,trade_unit_price_01,2025Q2-2026Q1,2026-09-08
KODATE_BUY,13110,目黒区,LAND_SQM,1578947,113,mlit_library,trade_unit_price_01,2025Q2-2026Q1,2026-09-08
KODATE_BUY,13111,大田区,FLOOR_SQM,766667,386,mlit_library,trade_unit_price_01,2025Q2-2026Q1,2026-09-08
KODATE_BUY,13111,大田区,LAND_SQM,953394,406,mlit_library,trade_unit_price_01,2025Q2-2026Q1,2026-09-08
KODATE_BUY,13112,世田谷区,FLOOR_SQM,937500,411,mlit_library,trade_unit_price_01,2025Q2-2026Q1,2026-09-08
KODATE_BUY,13112,世田谷区,LAND_SQM,1047619,432,mlit_library,trade_unit_price_01,2025Q2-2026Q1,2026-09-08
KODATE_BUY,13113,渋谷区,FLOOR_SQM,1710526,99,mlit_library,trade_unit_price_01,2025Q2-2026Q1,2026-09-08
KODATE_BUY,13113,渋谷区,LAND_SQM,3500000,103,mlit_library,trade_unit_price_01,2025Q2-2026Q1,2026-09-08
KODATE_BUY,13114,中野区,FLOOR_SQM,861538,235,mlit_library,trade_unit_price_01,2025Q2-2026Q1,2026-09-08
KODATE_BUY,13114,中野区,LAND_SQM,947368,243,mlit_library,trade_unit_price_01,2025Q2-2026Q1,2026-09-08
KODATE_BUY,13115,杉並区,FLOOR_SQM,933333,441,mlit_library,trade_unit_price_01,2025Q2-2026Q1,2026-09-08
KODATE_BUY,13115,杉並区,LAND_SQM,923077,447,mlit_library,trade_unit_price_01,2025Q2-2026Q1,2026-09-08
KODATE_BUY,13116,豊島区,FLOOR_SQM,891111,130,mlit_library,trade_unit_price_01,2025Q2-2026Q1,2026-09-08
KODATE_BUY,13116,豊島区,LAND_SQM,1100000,137,mlit_library,trade_unit_price_01,2025Q2-2026Q1,2026-09-08
KODATE_BUY,13117,北区,FLOOR_SQM,700000,171,mlit_library,trade_unit_price_01,2025Q2-2026Q1,2026-09-08
KODATE_BUY,13117,北区,LAND_SQM,912440,184,mlit_library,trade_unit_price_01,2025Q2-2026Q1,2026-09-08
KODATE_BUY,13118,荒川区,FLOOR_SQM,643836,99,mlit_library,trade_unit_price_01,2025Q2-2026Q1,2026-09-08
KODATE_BUY,13118,荒川区,LAND_SQM,900000,103,mlit_library,trade_unit_price_01,2025Q2-2026Q1,2026-09-08
KODATE_BUY,13119,板橋区,FLOOR_SQM,613333,287,mlit_library,trade_unit_price_01,2025Q2-2026Q1,2026-09-08
KODATE_BUY,13119,板橋区,LAND_SQM,769231,312,mlit_library,trade_unit_price_01,2025Q2-2026Q1,2026-09-08
KODATE_BUY,13120,練馬区,FLOOR_SQM,710000,602,mlit_library,trade_unit_price_01,2025Q2-2026Q1,2026-09-08
KODATE_BUY,13120,練馬区,LAND_SQM,684926,608,mlit_library,trade_unit_price_01,2025Q2-2026Q1,2026-09-08
KODATE_BUY,13121,足立区,FLOOR_SQM,500000,484,mlit_library,trade_unit_price_01,2025Q2-2026Q1,2026-09-08
KODATE_BUY,13121,足立区,LAND_SQM,555556,495,mlit_library,trade_unit_price_01,2025Q2-2026Q1,2026-09-08
KODATE_BUY,13122,葛飾区,FLOOR_SQM,526316,311,mlit_library,trade_unit_price_01,2025Q2-2026Q1,2026-09-08
KODATE_BUY,13122,葛飾区,LAND_SQM,600000,322,mlit_library,trade_unit_price_01,2025Q2-2026Q1,2026-09-08
KODATE_BUY,13123,江戸川区,FLOOR_SQM,523016,360,mlit_library,trade_unit_price_01,2025Q2-2026Q1,2026-09-08
KODATE_BUY,13123,江戸川区,LAND_SQM,622222,380,mlit_library,trade_unit_price_01,2025Q2-2026Q1,2026-09-08
KODATE_BUY,13201,八王子市,FLOOR_SQM,305263,449,mlit_library,trade_unit_price_01,2025Q2-2026Q1,2026-09-08
KODATE_BUY,13201,八王子市,LAND_SQM,221922,468,mlit_library,trade_unit_price_01,2025Q2-2026Q1,2026-09-08
KODATE_BUY,13202,立川市,FLOOR_SQM,486607,126,mlit_library,trade_unit_price_01,2025Q2-2026Q1,2026-09-08
KODATE_BUY,13202,立川市,LAND_SQM,396154,134,mlit_library,trade_unit_price_01,2025Q2-2026Q1,2026-09-08
KODATE_BUY,13203,武蔵野市,FLOOR_SQM,768889,44,mlit_library,trade_unit_price_01,2025Q2-2026Q1,2026-09-08
KODATE_BUY,13203,武蔵野市,LAND_SQM,741667,47,mlit_library,trade_unit_price_01,2025Q2-2026Q1,2026-09-08
KODATE_BUY,13204,三鷹市,FLOOR_SQM,685621,108,mlit_library,trade_unit_price_01,2025Q2-2026Q1,2026-09-08
KODATE_BUY,13204,三鷹市,LAND_SQM,582213,116,mlit_library,trade_unit_price_01,2025Q2-2026Q1,2026-09-08
KODATE_BUY,13205,青梅市,FLOOR_SQM,188889,95,mlit_library,trade_unit_price_01,2025Q2-2026Q1,2026-09-08
KODATE_BUY,13205,青梅市,LAND_SQM,131250,97,mlit_library,trade_unit_price_01,2025Q2-2026Q1,2026-09-08
KODATE_BUY,13206,府中市,FLOOR_SQM,565152,172,mlit_library,trade_unit_price_01,2025Q2-2026Q1,2026-09-08
KODATE_BUY,13206,府中市,LAND_SQM,470000,177,mlit_library,trade_unit_price_01,2025Q2-2026Q1,2026-09-08
KODATE_BUY,13207,昭島市,FLOOR_SQM,411806,90,mlit_library,trade_unit_price_01,2025Q2-2026Q1,2026-09-08
KODATE_BUY,13207,昭島市,LAND_SQM,339130,93,mlit_library,trade_unit_price_01,2025Q2-2026Q1,2026-09-08
KODATE_BUY,13208,調布市,FLOOR_SQM,622291,142,mlit_library,trade_unit_price_01,2025Q2-2026Q1,2026-09-08
KODATE_BUY,13208,調布市,LAND_SQM,540000,145,mlit_library,trade_unit_price_01,2025Q2-2026Q1,2026-09-08
KODATE_BUY,13209,町田市,FLOOR_SQM,379655,320,mlit_library,trade_unit_price_01,2025Q2-2026Q1,2026-09-08
KODATE_BUY,13209,町田市,LAND_SQM,270968,323,mlit_library,trade_unit_price_01,2025Q2-2026Q1,2026-09-08
KODATE_BUY,13210,小金井市,FLOOR_SQM,769853,86,mlit_library,trade_unit_price_01,2025Q2-2026Q1,2026-09-08
KODATE_BUY,13210,小金井市,LAND_SQM,620000,89,mlit_library,trade_unit_price_01,2025Q2-2026Q1,2026-09-08
KODATE_BUY,13211,小平市,FLOOR_SQM,533333,167,mlit_library,trade_unit_price_01,2025Q2-2026Q1,2026-09-08
KODATE_BUY,13211,小平市,LAND_SQM,440000,170,mlit_library,trade_unit_price_01,2025Q2-2026Q1,2026-09-08
KODATE_BUY,13212,日野市,FLOOR_SQM,450000,157,mlit_library,trade_unit_price_01,2025Q2-2026Q1,2026-09-08
KODATE_BUY,13212,日野市,LAND_SQM,352923,158,mlit_library,trade_unit_price_01,2025Q2-2026Q1,2026-09-08
KODATE_BUY,13213,東村山市,FLOOR_SQM,421053,145,mlit_library,trade_unit_price_01,2025Q2-2026Q1,2026-09-08
KODATE_BUY,13213,東村山市,LAND_SQM,348913,150,mlit_library,trade_unit_price_01,2025Q2-2026Q1,2026-09-08
KODATE_BUY,13214,国分寺市,FLOOR_SQM,600000,106,mlit_library,trade_unit_price_01,2025Q2-2026Q1,2026-09-08
KODATE_BUY,13214,国分寺市,LAND_SQM,504000,107,mlit_library,trade_unit_price_01,2025Q2-2026Q1,2026-09-08
KODATE_BUY,13215,国立市,FLOOR_SQM,561111,44,mlit_library,trade_unit_price_01,2025Q2-2026Q1,2026-09-08
KODATE_BUY,13215,国立市,LAND_SQM,512121,46,mlit_library,trade_unit_price_01,2025Q2-2026Q1,2026-09-08
KODATE_BUY,13218,福生市,FLOOR_SQM,330921,24,mlit_library,trade_unit_price_01,2025Q2-2026Q1,2026-09-08
KODATE_BUY,13218,福生市,LAND_SQM,272727,25,mlit_library,trade_unit_price_01,2025Q2-2026Q1,2026-09-08
KODATE_BUY,13219,狛江市,FLOOR_SQM,684034,70,mlit_library,trade_unit_price_01,2025Q2-2026Q1,2026-09-08
KODATE_BUY,13219,狛江市,LAND_SQM,497368,72,mlit_library,trade_unit_price_01,2025Q2-2026Q1,2026-09-08
KODATE_BUY,13220,東大和市,FLOOR_SQM,380000,95,mlit_library,trade_unit_price_01,2025Q2-2026Q1,2026-09-08
KODATE_BUY,13220,東大和市,LAND_SQM,280556,96,mlit_library,trade_unit_price_01,2025Q2-2026Q1,2026-09-08
KODATE_BUY,13221,清瀬市,FLOOR_SQM,466818,60,mlit_library,trade_unit_price_01,2025Q2-2026Q1,2026-09-08
KODATE_BUY,13221,清瀬市,LAND_SQM,391667,61,mlit_library,trade_unit_price_01,2025Q2-2026Q1,2026-09-08
KODATE_BUY,13222,東久留米市,FLOOR_SQM,480000,133,mlit_library,trade_unit_price_01,2025Q2-2026Q1,2026-09-08
KODATE_BUY,13222,東久留米市,LAND_SQM,391107,134,mlit_library,trade_unit_price_01,2025Q2-2026Q1,2026-09-08
KODATE_BUY,13223,武蔵村山市,FLOOR_SQM,277778,55,mlit_library,trade_unit_price_01,2025Q2-2026Q1,2026-09-08
KODATE_BUY,13223,武蔵村山市,LAND_SQM,218219,62,mlit_library,trade_unit_price_01,2025Q2-2026Q1,2026-09-08
KODATE_BUY,13224,多摩市,FLOOR_SQM,388889,53,mlit_library,trade_unit_price_01,2025Q2-2026Q1,2026-09-08
KODATE_BUY,13224,多摩市,LAND_SQM,310345,53,mlit_library,trade_unit_price_01,2025Q2-2026Q1,2026-09-08
KODATE_BUY,13225,稲城市,FLOOR_SQM,518764,54,mlit_library,trade_unit_price_01,2025Q2-2026Q1,2026-09-08
KODATE_BUY,13225,稲城市,LAND_SQM,416000,55,mlit_library,trade_unit_price_01,2025Q2-2026Q1,2026-09-08
KODATE_BUY,13227,羽村市,FLOOR_SQM,273684,33,mlit_library,trade_unit_price_01,2025Q2-2026Q1,2026-09-08
KODATE_BUY,13227,羽村市,LAND_SQM,210000,33,mlit_library,trade_unit_price_01,2025Q2-2026Q1,2026-09-08
KODATE_BUY,13228,あきる野市,FLOOR_SQM,181818,67,mlit_library,trade_unit_price_01,2025Q2-2026Q1,2026-09-08
KODATE_BUY,13228,あきる野市,LAND_SQM,126611,68,mlit_library,trade_unit_price_01,2025Q2-2026Q1,2026-09-08
KODATE_BUY,13229,西東京市,FLOOR_SQM,588889,161,mlit_library,trade_unit_price_01,2025Q2-2026Q1,2026-09-08
KODATE_BUY,13229,西東京市,LAND_SQM,500000,165,mlit_library,trade_unit_price_01,2025Q2-2026Q1,2026-09-08
KODATE_BUY,13303,西多摩郡瑞穂町,FLOOR_SQM,250000,32,mlit_library,trade_unit_price_01,2025Q2-2026Q1,2026-09-08
KODATE_BUY,13303,西多摩郡瑞穂町,LAND_SQM,144042,34,mlit_library,trade_unit_price_01,2025Q2-2026Q1,2026-09-08
KODATE_BUY,13305,西多摩郡日の出町,FLOOR_SQM,175000,19,mlit_library,trade_unit_price_02,2025Q2-2026Q1,2026-09-08
KODATE_BUY,13305,西多摩郡日の出町,LAND_SQM,128571,19,mlit_library,trade_unit_price_02,2025Q2-2026Q1,2026-09-08
KODATE_BUY,14101,横浜市鶴見区,FLOOR_SQM,480000,198,mlit_library,trade_unit_price_01,2025Q2-2026Q1,2026-09-08
KODATE_BUY,14101,横浜市鶴見区,LAND_SQM,489186,202,mlit_library,trade_unit_price_01,2025Q2-2026Q1,2026-09-08
KODATE_BUY,14102,横浜市神奈川区,FLOOR_SQM,518182,192,mlit_library,trade_unit_price_01,2025Q2-2026Q1,2026-09-08
KODATE_BUY,14102,横浜市神奈川区,LAND_SQM,526136,192,mlit_library,trade_unit_price_01,2025Q2-2026Q1,2026-09-08
KODATE_BUY,14103,横浜市西区,FLOOR_SQM,535000,70,mlit_library,trade_unit_price_01,2025Q2-2026Q1,2026-09-08
KODATE_BUY,14103,横浜市西区,LAND_SQM,717143,70,mlit_library,trade_unit_price_01,2025Q2-2026Q1,2026-09-08
KODATE_BUY,14104,横浜市中区,FLOOR_SQM,484848,69,mlit_library,trade_unit_price_01,2025Q2-2026Q1,2026-09-08
KODATE_BUY,14104,横浜市中区,LAND_SQM,555000,78,mlit_library,trade_unit_price_01,2025Q2-2026Q1,2026-09-08
KODATE_BUY,14105,横浜市南区,FLOOR_SQM,396629,192,mlit_library,trade_unit_price_01,2025Q2-2026Q1,2026-09-08
KODATE_BUY,14105,横浜市南区,LAND_SQM,347516,196,mlit_library,trade_unit_price_01,2025Q2-2026Q1,2026-09-08
KODATE_BUY,14106,横浜市保土ケ谷区,FLOOR_SQM,419048,189,mlit_library,trade_unit_price_01,2025Q2-2026Q1,2026-09-08
KODATE_BUY,14106,横浜市保土ケ谷区,LAND_SQM,332051,192,mlit_library,trade_unit_price_01,2025Q2-2026Q1,2026-09-08
KODATE_BUY,14107,横浜市磯子区,FLOOR_SQM,413333,119,mlit_library,trade_unit_price_01,2025Q2-2026Q1,2026-09-08
KODATE_BUY,14107,横浜市磯子区,LAND_SQM,338421,120,mlit_library,trade_unit_price_01,2025Q2-2026Q1,2026-09-08
KODATE_BUY,14108,横浜市金沢区,FLOOR_SQM,405000,164,mlit_library,trade_unit_price_01,2025Q2-2026Q1,2026-09-08
KODATE_BUY,14108,横浜市金沢区,LAND_SQM,291429,165,mlit_library,trade_unit_price_01,2025Q2-2026Q1,2026-09-08
KODATE_BUY,14109,横浜市港北区,FLOOR_SQM,628571,251,mlit_library,trade_unit_price_01,2025Q2-2026Q1,2026-09-08
KODATE_BUY,14109,横浜市港北区,LAND_SQM,624265,262,mlit_library,trade_unit_price_01,2025Q2-2026Q1,2026-09-08
KODATE_BUY,14110,横浜市戸塚区,FLOOR_SQM,414286,187,mlit_library,trade_unit_price_01,2025Q2-2026Q1,2026-09-08
KODATE_BUY,14110,横浜市戸塚区,LAND_SQM,315152,195,mlit_library,trade_unit_price_01,2025Q2-2026Q1,2026-09-08
KODATE_BUY,14111,横浜市港南区,FLOOR_SQM,452174,185,mlit_library,trade_unit_price_01,2025Q2-2026Q1,2026-09-08
KODATE_BUY,14111,横浜市港南区,LAND_SQM,360000,187,mlit_library,trade_unit_price_01,2025Q2-2026Q1,2026-09-08
KODATE_BUY,14112,横浜市旭区,FLOOR_SQM,410000,249,mlit_library,trade_unit_price_01,2025Q2-2026Q1,2026-09-08
KODATE_BUY,14112,横浜市旭区,LAND_SQM,294841,254,mlit_library,trade_unit_price_01,2025Q2-2026Q1,2026-09-08
KODATE_BUY,14113,横浜市緑区,FLOOR_SQM,516228,122,mlit_library,trade_unit_price_01,2025Q2-2026Q1,2026-09-08
KODATE_BUY,14113,横浜市緑区,LAND_SQM,400000,123,mlit_library,trade_unit_price_01,2025Q2-2026Q1,2026-09-08
KODATE_BUY,14114,横浜市瀬谷区,FLOOR_SQM,410526,143,mlit_library,trade_unit_price_01,2025Q2-2026Q1,2026-09-08
KODATE_BUY,14114,横浜市瀬谷区,LAND_SQM,300000,147,mlit_library,trade_unit_price_01,2025Q2-2026Q1,2026-09-08
KODATE_BUY,14115,横浜市栄区,FLOOR_SQM,447339,86,mlit_library,trade_unit_price_01,2025Q2-2026Q1,2026-09-08
KODATE_BUY,14115,横浜市栄区,LAND_SQM,273509,86,mlit_library,trade_unit_price_01,2025Q2-2026Q1,2026-09-08
KODATE_BUY,14116,横浜市泉区,FLOOR_SQM,442105,135,mlit_library,trade_unit_price_01,2025Q2-2026Q1,2026-09-08
KODATE_BUY,14116,横浜市泉区,LAND_SQM,315000,135,mlit_library,trade_unit_price_01,2025Q2-2026Q1,2026-09-08
KODATE_BUY,14117,横浜市青葉区,FLOOR_SQM,590000,180,mlit_library,trade_unit_price_01,2025Q2-2026Q1,2026-09-08
KODATE_BUY,14117,横浜市青葉区,LAND_SQM,446606,184,mlit_library,trade_unit_price_01,2025Q2-2026Q1,2026-09-08
KODATE_BUY,14118,横浜市都筑区,FLOOR_SQM,526316,97,mlit_library,trade_unit_price_01,2025Q2-2026Q1,2026-09-08
KODATE_BUY,14118,横浜市都筑区,LAND_SQM,423377,100,mlit_library,trade_unit_price_01,2025Q2-2026Q1,2026-09-08
KODATE_BUY,14131,川崎市川崎区,FLOOR_SQM,507632,140,mlit_library,trade_unit_price_01,2025Q2-2026Q1,2026-09-08
KODATE_BUY,14131,川崎市川崎区,LAND_SQM,648529,148,mlit_library,trade_unit_price_01,2025Q2-2026Q1,2026-09-08
KODATE_BUY,14132,川崎市幸区,FLOOR_SQM,576471,87,mlit_library,trade_unit_price_01,2025Q2-2026Q1,2026-09-08
KODATE_BUY,14132,川崎市幸区,LAND_SQM,833333,97,mlit_library,trade_unit_price_01,2025Q2-2026Q1,2026-09-08
KODATE_BUY,14133,川崎市中原区,FLOOR_SQM,647619,105,mlit_library,trade_unit_price_01,2025Q2-2026Q1,2026-09-08
KODATE_BUY,14133,川崎市中原区,LAND_SQM,917143,118,mlit_library,trade_unit_price_01,2025Q2-2026Q1,2026-09-08
KODATE_BUY,14134,川崎市高津区,FLOOR_SQM,550000,121,mlit_library,trade_unit_price_01,2025Q2-2026Q1,2026-09-08
KODATE_BUY,14134,川崎市高津区,LAND_SQM,553788,128,mlit_library,trade_unit_price_01,2025Q2-2026Q1,2026-09-08
KODATE_BUY,14135,川崎市多摩区,FLOOR_SQM,502000,182,mlit_library,trade_unit_price_01,2025Q2-2026Q1,2026-09-08
KODATE_BUY,14135,川崎市多摩区,LAND_SQM,481818,185,mlit_library,trade_unit_price_01,2025Q2-2026Q1,2026-09-08
KODATE_BUY,14136,川崎市宮前区,FLOOR_SQM,438095,135,mlit_library,trade_unit_price_01,2025Q2-2026Q1,2026-09-08
KODATE_BUY,14136,川崎市宮前区,LAND_SQM,409091,136,mlit_library,trade_unit_price_01,2025Q2-2026Q1,2026-09-08
KODATE_BUY,14137,川崎市麻生区,FLOOR_SQM,439231,134,mlit_library,trade_unit_price_01,2025Q2-2026Q1,2026-09-08
KODATE_BUY,14137,川崎市麻生区,LAND_SQM,307692,137,mlit_library,trade_unit_price_01,2025Q2-2026Q1,2026-09-08
KODATE_BUY,14151,相模原市緑区,FLOOR_SQM,267250,124,mlit_library,trade_unit_price_01,2025Q2-2026Q1,2026-09-08
KODATE_BUY,14151,相模原市緑区,LAND_SQM,214039,130,mlit_library,trade_unit_price_01,2025Q2-2026Q1,2026-09-08
KODATE_BUY,14152,相模原市中央区,FLOOR_SQM,327273,203,mlit_library,trade_unit_price_01,2025Q2-2026Q1,2026-09-08
KODATE_BUY,14152,相模原市中央区,LAND_SQM,287857,210,mlit_library,trade_unit_price_01,2025Q2-2026Q1,2026-09-08
KODATE_BUY,14153,相模原市南区,FLOOR_SQM,410000,220,mlit_library,trade_unit_price_01,2025Q2-2026Q1,2026-09-08
KODATE_BUY,14153,相模原市南区,LAND_SQM,370714,226,mlit_library,trade_unit_price_01,2025Q2-2026Q1,2026-09-08
KODATE_BUY,14201,横須賀市,FLOOR_SQM,216388,384,mlit_library,trade_unit_price_01,2025Q2-2026Q1,2026-09-08
KODATE_BUY,14201,横須賀市,LAND_SQM,150758,394,mlit_library,trade_unit_price_01,2025Q2-2026Q1,2026-09-08
KODATE_BUY,14203,平塚市,FLOOR_SQM,262000,182,mlit_library,trade_unit_price_01,2025Q2-2026Q1,2026-09-08
KODATE_BUY,14203,平塚市,LAND_SQM,215385,189,mlit_library,trade_unit_price_01,2025Q2-2026Q1,2026-09-08
KODATE_BUY,14204,鎌倉市,FLOOR_SQM,464000,163,mlit_library,trade_unit_price_01,2025Q2-2026Q1,2026-09-08
KODATE_BUY,14204,鎌倉市,LAND_SQM,273401,164,mlit_library,trade_unit_price_01,2025Q2-2026Q1,2026-09-08
KODATE_BUY,14205,藤沢市,FLOOR_SQM,483014,360,mlit_library,trade_unit_price_01,2025Q2-2026Q1,2026-09-08
KODATE_BUY,14205,藤沢市,LAND_SQM,382353,363,mlit_library,trade_unit_price_01,2025Q2-2026Q1,2026-09-08
KODATE_BUY,14206,小田原市,FLOOR_SQM,191667,139,mlit_library,trade_unit_price_01,2025Q2-2026Q1,2026-09-08
KODATE_BUY,14206,小田原市,LAND_SQM,147619,147,mlit_library,trade_unit_price_01,2025Q2-2026Q1,2026-09-08
KODATE_BUY,14207,茅ヶ崎市,FLOOR_SQM,390000,219,mlit_library,trade_unit_price_01,2025Q2-2026Q1,2026-09-08
KODATE_BUY,14207,茅ヶ崎市,LAND_SQM,330602,224,mlit_library,trade_unit_price_01,2025Q2-2026Q1,2026-09-08
KODATE_BUY,14208,逗子市,FLOOR_SQM,400000,65,mlit_library,trade_unit_price_01,2025Q2-2026Q1,2026-09-08
KODATE_BUY,14208,逗子市,LAND_SQM,254762,66,mlit_library,trade_unit_price_01,2025Q2-2026Q1,2026-09-08
KODATE_BUY,14210,三浦市,FLOOR_SQM,133333,51,mlit_library,trade_unit_price_01,2025Q2-2026Q1,2026-09-08
KODATE_BUY,14210,三浦市,LAND_SQM,90909,52,mlit_library,trade_unit_price_01,2025Q2-2026Q1,2026-09-08
KODATE_BUY,14211,秦野市,FLOOR_SQM,192000,139,mlit_library,trade_unit_price_01,2025Q2-2026Q1,2026-09-08
KODATE_BUY,14211,秦野市,LAND_SQM,139565,144,mlit_library,trade_unit_price_01,2025Q2-2026Q1,2026-09-08
KODATE_BUY,14212,厚木市,FLOOR_SQM,253239,208,mlit_library,trade_unit_price_01,2025Q2-2026Q1,2026-09-08
KODATE_BUY,14212,厚木市,LAND_SQM,200000,211,mlit_library,trade_unit_price_01,2025Q2-2026Q1,2026-09-08
KODATE_BUY,14213,大和市,FLOOR_SQM,426667,185,mlit_library,trade_unit_price_01,2025Q2-2026Q1,2026-09-08
KODATE_BUY,14213,大和市,LAND_SQM,364286,192,mlit_library,trade_unit_price_01,2025Q2-2026Q1,2026-09-08
KODATE_BUY,14214,伊勢原市,FLOOR_SQM,280952,72,mlit_library,trade_unit_price_01,2025Q2-2026Q1,2026-09-08
KODATE_BUY,14214,伊勢原市,LAND_SQM,164706,73,mlit_library,trade_unit_price_01,2025Q2-2026Q1,2026-09-08
KODATE_BUY,14215,海老名市,FLOOR_SQM,367544,96,mlit_library,trade_unit_price_01,2025Q2-2026Q1,2026-09-08
KODATE_BUY,14215,海老名市,LAND_SQM,280000,98,mlit_library,trade_unit_price_01,2025Q2-2026Q1,2026-09-08
KODATE_BUY,14216,座間市,FLOOR_SQM,328636,100,mlit_library,trade_unit_price_01,2025Q2-2026Q1,2026-09-08
KODATE_BUY,14216,座間市,LAND_SQM,295727,102,mlit_library,trade_unit_price_01,2025Q2-2026Q1,2026-09-08
KODATE_BUY,14217,南足柄市,FLOOR_SQM,116908,20,mlit_library,trade_unit_price_01,2025Q2-2026Q1,2026-09-08
KODATE_BUY,14217,南足柄市,LAND_SQM,58261,22,mlit_library,trade_unit_price_01,2025Q2-2026Q1,2026-09-08
KODATE_BUY,14218,綾瀬市,FLOOR_SQM,350000,75,mlit_library,trade_unit_price_01,2025Q2-2026Q1,2026-09-08
KODATE_BUY,14218,綾瀬市,LAND_SQM,266434,78,mlit_library,trade_unit_price_01,2025Q2-2026Q1,2026-09-08
KODATE_BUY,14301,三浦郡葉山町,FLOOR_SQM,430303,31,mlit_library,trade_unit_price_01,2025Q2-2026Q1,2026-09-08
KODATE_BUY,14301,三浦郡葉山町,LAND_SQM,247778,32,mlit_library,trade_unit_price_01,2025Q2-2026Q1,2026-09-08
KODATE_BUY,14321,高座郡寒川町,FLOOR_SQM,294737,29,mlit_library,trade_unit_price_01,2025Q2-2026Q1,2026-09-08
KODATE_BUY,14321,高座郡寒川町,LAND_SQM,202857,29,mlit_library,trade_unit_price_01,2025Q2-2026Q1,2026-09-08
KODATE_BUY,14341,中郡大磯町,FLOOR_SQM,231111,38,mlit_library,trade_unit_price_01,2025Q2-2026Q1,2026-09-08
KODATE_BUY,14341,中郡大磯町,LAND_SQM,128205,42,mlit_library,trade_unit_price_01,2025Q2-2026Q1,2026-09-08
KODATE_BUY,14342,中郡二宮町,FLOOR_SQM,209524,22,mlit_library,trade_unit_price_01,2025Q2-2026Q1,2026-09-08
KODATE_BUY,14342,中郡二宮町,LAND_SQM,118106,22,mlit_library,trade_unit_price_01,2025Q2-2026Q1,2026-09-08
KODATE_BUY,14362,足柄上郡大井町,FLOOR_SQM,178947,12,mlit_library,trade_unit_price_02,2025Q2-2026Q1,2026-09-08
KODATE_BUY,14362,足柄上郡大井町,LAND_SQM,145989,12,mlit_library,trade_unit_price_02,2025Q2-2026Q1,2026-09-08
KODATE_BUY,14363,足柄上郡松田町,FLOOR_SQM,65185,11,mlit_library,trade_unit_price_01,2025Q2-2026Q1,2026-09-08
KODATE_BUY,14363,足柄上郡松田町,LAND_SQM,50000,11,mlit_library,trade_unit_price_01,2025Q2-2026Q1,2026-09-08
KODATE_BUY,14366,足柄上郡開成町,FLOOR_SQM,241667,10,mlit_library,trade_unit_price_01,2025Q2-2026Q1,2026-09-08
KODATE_BUY,14366,足柄上郡開成町,LAND_SQM,164286,11,mlit_library,trade_unit_price_01,2025Q2-2026Q1,2026-09-08
KODATE_BUY,14382,足柄下郡箱根町,FLOOR_SQM,236574,18,mlit_library,trade_unit_price_01,2025Q2-2026Q1,2026-09-08
KODATE_BUY,14382,足柄下郡箱根町,LAND_SQM,28485,19,mlit_library,trade_unit_price_01,2025Q2-2026Q1,2026-09-08
KODATE_BUY,14384,足柄下郡湯河原町,FLOOR_SQM,121212,23,mlit_library,trade_unit_price_01,2025Q2-2026Q1,2026-09-08
KODATE_BUY,14384,足柄下郡湯河原町,LAND_SQM,90909,23,mlit_library,trade_unit_price_01,2025Q2-2026Q1,2026-09-08
KODATE_BUY,14401,愛甲郡愛川町,FLOOR_SQM,144949,40,mlit_library,trade_unit_price_01,2025Q2-2026Q1,2026-09-08
KODATE_BUY,14401,愛甲郡愛川町,LAND_SQM,86466,40,mlit_library,trade_unit_price_01,2025Q2-2026Q1,2026-09-08
MANSION_BUY,11101,さいたま市西区,AREA_SQM,140727,54,mlit_library,trade_unit_price_02,2025Q2-2026Q1,2026-09-08
MANSION_BUY,11102,さいたま市北区,AREA_SQM,372381,154,mlit_library,trade_unit_price_02,2025Q2-2026Q1,2026-09-08
MANSION_BUY,11103,さいたま市大宮区,AREA_SQM,900000,244,mlit_library,trade_unit_price_02,2025Q2-2026Q1,2026-09-08
MANSION_BUY,11104,さいたま市見沼区,AREA_SQM,200000,87,mlit_library,trade_unit_price_02,2025Q2-2026Q1,2026-09-08
MANSION_BUY,11105,さいたま市中央区,AREA_SQM,600000,168,mlit_library,trade_unit_price_02,2025Q2-2026Q1,2026-09-08
MANSION_BUY,11106,さいたま市桜区,AREA_SQM,333333,81,mlit_library,trade_unit_price_02,2025Q2-2026Q1,2026-09-08
MANSION_BUY,11107,さいたま市浦和区,AREA_SQM,816667,309,mlit_library,trade_unit_price_02,2025Q2-2026Q1,2026-09-08
MANSION_BUY,11108,さいたま市南区,AREA_SQM,550000,292,mlit_library,trade_unit_price_02,2025Q2-2026Q1,2026-09-08
MANSION_BUY,11109,さいたま市緑区,AREA_SQM,357143,81,mlit_library,trade_unit_price_02,2025Q2-2026Q1,2026-09-08
MANSION_BUY,11110,さいたま市岩槻区,AREA_SQM,364706,59,mlit_library,trade_unit_price_02,2025Q2-2026Q1,2026-09-08
MANSION_BUY,11201,川越市,AREA_SQM,226667,274,mlit_library,trade_unit_price_02,2025Q2-2026Q1,2026-09-08
MANSION_BUY,11202,熊谷市,AREA_SQM,98333,48,mlit_library,trade_unit_price_02,2025Q2-2026Q1,2026-09-08
MANSION_BUY,11203,川口市,AREA_SQM,470588,761,mlit_library,trade_unit_price_02,2025Q2-2026Q1,2026-09-08
MANSION_BUY,11208,所沢市,AREA_SQM,333333,337,mlit_library,trade_unit_price_02,2025Q2-2026Q1,2026-09-08
MANSION_BUY,11209,飯能市,AREA_SQM,156364,14,mlit_library,trade_unit_price_02,2025Q2-2026Q1,2026-09-08
MANSION_BUY,11211,本庄市,AREA_SQM,150000,18,mlit_library,trade_unit_price_02,2025Q2-2026Q1,2026-09-08
MANSION_BUY,11212,東松山市,AREA_SQM,126872,28,mlit_library,trade_unit_price_02,2025Q2-2026Q1,2026-09-08
MANSION_BUY,11214,春日部市,AREA_SQM,169231,117,mlit_library,trade_unit_price_02,2025Q2-2026Q1,2026-09-08
MANSION_BUY,11215,狭山市,AREA_SQM,96364,121,mlit_library,trade_unit_price_02,2025Q2-2026Q1,2026-09-08
MANSION_BUY,11217,鴻巣市,AREA_SQM,171429,40,mlit_library,trade_unit_price_02,2025Q2-2026Q1,2026-09-08
MANSION_BUY,11218,深谷市,AREA_SQM,94145,28,mlit_library,trade_unit_price_02,2025Q2-2026Q1,2026-09-08
MANSION_BUY,11219,上尾市,AREA_SQM,350000,89,mlit_library,trade_unit_price_02,2025Q2-2026Q1,2026-09-08
MANSION_BUY,11221,草加市,AREA_SQM,314286,231,mlit_library,trade_unit_price_02,2025Q2-2026Q1,2026-09-08
MANSION_BUY,11222,越谷市,AREA_SQM,370330,284,mlit_library,trade_unit_price_02,2025Q2-2026Q1,2026-09-08
MANSION_BUY,11223,蕨市,AREA_SQM,466667,85,mlit_library,trade_unit_price_02,2025Q2-2026Q1,2026-09-08
MANSION_BUY,11224,戸田市,AREA_SQM,523077,218,mlit_library,trade_unit_price_02,2025Q2-2026Q1,2026-09-08
MANSION_BUY,11225,入間市,AREA_SQM,150256,134,mlit_library,trade_unit_price_02,2025Q2-2026Q1,2026-09-08
MANSION_BUY,11227,朝霞市,AREA_SQM,493333,171,mlit_library,trade_unit_price_02,2025Q2-2026Q1,2026-09-08
MANSION_BUY,11228,志木市,AREA_SQM,345556,110,mlit_library,trade_unit_price_02,2025Q2-2026Q1,2026-09-08
MANSION_BUY,11229,和光市,AREA_SQM,446154,142,mlit_library,trade_unit_price_02,2025Q2-2026Q1,2026-09-08
MANSION_BUY,11230,新座市,AREA_SQM,293333,133,mlit_library,trade_unit_price_02,2025Q2-2026Q1,2026-09-08
MANSION_BUY,11231,桶川市,AREA_SQM,218182,27,mlit_library,trade_unit_price_02,2025Q2-2026Q1,2026-09-08
MANSION_BUY,11232,久喜市,AREA_SQM,172857,64,mlit_library,trade_unit_price_02,2025Q2-2026Q1,2026-09-08
MANSION_BUY,11233,北本市,AREA_SQM,109091,45,mlit_library,trade_unit_price_02,2025Q2-2026Q1,2026-09-08
MANSION_BUY,11234,八潮市,AREA_SQM,310795,96,mlit_library,trade_unit_price_02,2025Q2-2026Q1,2026-09-08
MANSION_BUY,11235,富士見市,AREA_SQM,350000,89,mlit_library,trade_unit_price_02,2025Q2-2026Q1,2026-09-08
MANSION_BUY,11237,三郷市,AREA_SQM,216667,187,mlit_library,trade_unit_price_02,2025Q2-2026Q1,2026-09-08
MANSION_BUY,11238,蓮田市,AREA_SQM,258824,15,mlit_library,trade_unit_price_02,2025Q2-2026Q1,2026-09-08
MANSION_BUY,11239,坂戸市,AREA_SQM,166250,68,mlit_library,trade_unit_price_02,2025Q2-2026Q1,2026-09-08
MANSION_BUY,11241,鶴ケ島市,AREA_SQM,185714,54,mlit_library,trade_unit_price_02,2025Q2-2026Q1,2026-09-08
MANSION_BUY,11243,吉川市,AREA_SQM,419487,38,mlit_library,trade_unit_price_02,2025Q2-2026Q1,2026-09-08
MANSION_BUY,11245,ふじみ野市,AREA_SQM,342857,74,mlit_library,trade_unit_price_02,2025Q2-2026Q1,2026-09-08
MANSION_BUY,11246,白岡市,AREA_SQM,245238,20,mlit_library,trade_unit_price_02,2025Q2-2026Q1,2026-09-08
MANSION_BUY,11324,入間郡三芳町,AREA_SQM,216667,35,mlit_library,trade_unit_price_02,2025Q2-2026Q1,2026-09-08
MANSION_BUY,11464,北葛飾郡杉戸町,AREA_SQM,123939,12,mlit_library,trade_unit_price_02,2025Q2-2026Q1,2026-09-08
MANSION_BUY,12101,千葉市中央区,AREA_SQM,383333,276,mlit_library,trade_unit_price_02,2025Q2-2026Q1,2026-09-08
MANSION_BUY,12102,千葉市花見川区,AREA_SQM,157143,216,mlit_library,trade_unit_price_02,2025Q2-2026Q1,2026-09-08
MANSION_BUY,12103,千葉市稲毛区,AREA_SQM,214286,213,mlit_library,trade_unit_price_02,2025Q2-2026Q1,2026-09-08
MANSION_BUY,12104,千葉市若葉区,AREA_SQM,136842,54,mlit_library,trade_unit_price_02,2025Q2-2026Q1,2026-09-08
MANSION_BUY,12105,千葉市緑区,AREA_SQM,193750,44,mlit_library,trade_unit_price_02,2025Q2-2026Q1,2026-09-08
MANSION_BUY,12106,千葉市美浜区,AREA_SQM,324038,628,mlit_library,trade_unit_price_02,2025Q2-2026Q1,2026-09-08
MANSION_BUY,12203,市川市,AREA_SQM,457143,550,mlit_library,trade_unit_price_02,2025Q2-2026Q1,2026-09-08
MANSION_BUY,12204,船橋市,AREA_SQM,376389,808,mlit_library,trade_unit_price_02,2025Q2-2026Q1,2026-09-08
MANSION_BUY,12206,木更津市,AREA_SQM,337255,10,mlit_library,trade_unit_price_02,2025Q2-2026Q1,2026-09-08
MANSION_BUY,12207,松戸市,AREA_SQM,266667,492,mlit_library,trade_unit_price_02,2025Q2-2026Q1,2026-09-08
MANSION_BUY,12208,野田市,AREA_SQM,170330,22,mlit_library,trade_unit_price_02,2025Q2-2026Q1,2026-09-08
MANSION_BUY,12210,茂原市,AREA_SQM,123077,11,mlit_library,trade_unit_price_02,2025Q2-2026Q1,2026-09-08
MANSION_BUY,12211,成田市,AREA_SQM,253333,63,mlit_library,trade_unit_price_02,2025Q2-2026Q1,2026-09-08
MANSION_BUY,12212,佐倉市,AREA_SQM,237647,94,mlit_library,trade_unit_price_02,2025Q2-2026Q1,2026-09-08
MANSION_BUY,12216,習志野市,AREA_SQM,340000,221,mlit_library,trade_unit_price_02,2025Q2-2026Q1,2026-09-08
MANSION_BUY,12217,柏市,AREA_SQM,386667,445,mlit_library,trade_unit_price_02,2025Q2-2026Q1,2026-09-08
MANSION_BUY,12219,市原市,AREA_SQM,216667,89,mlit_library,trade_unit_price_02,2025Q2-2026Q1,2026-09-08
MANSION_BUY,12220,流山市,AREA_SQM,566667,186,mlit_library,trade_unit_price_02,2025Q2-2026Q1,2026-09-08
MANSION_BUY,12221,八千代市,AREA_SQM,237218,180,mlit_library,trade_unit_price_02,2025Q2-2026Q1,2026-09-08
MANSION_BUY,12222,我孫子市,AREA_SQM,320000,100,mlit_library,trade_unit_price_02,2025Q2-2026Q1,2026-09-08
MANSION_BUY,12224,鎌ケ谷市,AREA_SQM,248571,64,mlit_library,trade_unit_price_02,2025Q2-2026Q1,2026-09-08
MANSION_BUY,12227,浦安市,AREA_SQM,632456,282,mlit_library,trade_unit_price_02,2025Q2-2026Q1,2026-09-08
MANSION_BUY,12228,四街道市,AREA_SQM,265126,20,mlit_library,trade_unit_price_02,2025Q2-2026Q1,2026-09-08
MANSION_BUY,12229,袖ケ浦市,AREA_SQM,310526,10,mlit_library,trade_unit_price_02,2025Q2-2026Q1,2026-09-08
MANSION_BUY,12231,印西市,AREA_SQM,247619,165,mlit_library,trade_unit_price_02,2025Q2-2026Q1,2026-09-08
MANSION_BUY,12232,白井市,AREA_SQM,148333,87,mlit_library,trade_unit_price_02,2025Q2-2026Q1,2026-09-08
MANSION_BUY,12234,南房総市,AREA_SQM,107778,10,mlit_library,trade_unit_price_02,2025Q2-2026Q1,2026-09-08
MANSION_BUY,12239,大網白里市,AREA_SQM,200000,11,mlit_library,trade_unit_price_02,2025Q2-2026Q1,2026-09-08
MANSION_BUY,12322,印旛郡酒々井町,AREA_SQM,82353,13,mlit_library,trade_unit_price_02,2025Q2-2026Q1,2026-09-08
MANSION_BUY,13101,千代田区,AREA_SQM,1800000,347,mlit_library,trade_unit_price_02,2025Q2-2026Q1,2026-09-08
MANSION_BUY,13102,中央区,AREA_SQM,1846154,1340,mlit_library,trade_unit_price_02,2025Q2-2026Q1,2026-09-08
MANSION_BUY,13103,港区,AREA_SQM,2000000,1537,mlit_library,trade_unit_price_02,2025Q2-2026Q1,2026-09-08
MANSION_BUY,13104,新宿区,AREA_SQM,1244444,1305,mlit_library,trade_unit_price_02,2025Q2-2026Q1,2026-09-08
MANSION_BUY,13105,文京区,AREA_SQM,1333333,772,mlit_library,trade_unit_price_02,2025Q2-2026Q1,2026-09-08
MANSION_BUY,13106,台東区,AREA_SQM,1100000,740,mlit_library,trade_unit_price_02,2025Q2-2026Q1,2026-09-08
MANSION_BUY,13107,墨田区,AREA_SQM,950000,719,mlit_library,trade_unit_price_02,2025Q2-2026Q1,2026-09-08
MANSION_BUY,13108,江東区,AREA_SQM,1133333,1900,mlit_library,trade_unit_price_02,2025Q2-2026Q1,2026-09-08
MANSION_BUY,13109,品川区,AREA_SQM,1240000,1202,mlit_library,trade_unit_price_02,2025Q2-2026Q1,2026-09-08
MANSION_BUY,13110,目黒区,AREA_SQM,1333333,666,mlit_library,trade_unit_price_02,2025Q2-2026Q1,2026-09-08
MANSION_BUY,13111,大田区,AREA_SQM,800000,1181,mlit_library,trade_unit_price_02,2025Q2-2026Q1,2026-09-08
MANSION_BUY,13112,世田谷区,AREA_SQM,1016667,1725,mlit_library,trade_unit_price_02,2025Q2-2026Q1,2026-09-08
MANSION_BUY,13113,渋谷区,AREA_SQM,1600000,929,mlit_library,trade_unit_price_02,2025Q2-2026Q1,2026-09-08
MANSION_BUY,13114,中野区,AREA_SQM,1000000,602,mlit_library,trade_unit_price_02,2025Q2-2026Q1,2026-09-08
MANSION_BUY,13115,杉並区,AREA_SQM,900000,880,mlit_library,trade_unit_price_02,2025Q2-2026Q1,2026-09-08
MANSION_BUY,13116,豊島区,AREA_SQM,1081667,714,mlit_library,trade_unit_price_02,2025Q2-2026Q1,2026-09-08
MANSION_BUY,13117,北区,AREA_SQM,900000,595,mlit_library,trade_unit_price_02,2025Q2-2026Q1,2026-09-08
MANSION_BUY,13118,荒川区,AREA_SQM,876923,495,mlit_library,trade_unit_price_02,2025Q2-2026Q1,2026-09-08
MANSION_BUY,13119,板橋区,AREA_SQM,727273,1058,mlit_library,trade_unit_price_02,2025Q2-2026Q1,2026-09-08
MANSION_BUY,13120,練馬区,AREA_SQM,720000,922,mlit_library,trade_unit_price_02,2025Q2-2026Q1,2026-09-08
MANSION_BUY,13121,足立区,AREA_SQM,566667,925,mlit_library,trade_unit_price_02,2025Q2-2026Q1,2026-09-08
MANSION_BUY,13122,葛飾区,AREA_SQM,600000,597,mlit_library,trade_unit_price_02,2025Q2-2026Q1,2026-09-08
MANSION_BUY,13123,江戸川区,AREA_SQM,653333,697,mlit_library,trade_unit_price_02,2025Q2-2026Q1,2026-09-08
MANSION_BUY,13201,八王子市,AREA_SQM,342857,576,mlit_library,trade_unit_price_02,2025Q2-2026Q1,2026-09-08
MANSION_BUY,13202,立川市,AREA_SQM,471429,197,mlit_library,trade_unit_price_02,2025Q2-2026Q1,2026-09-08
MANSION_BUY,13203,武蔵野市,AREA_SQM,915476,252,mlit_library,trade_unit_price_02,2025Q2-2026Q1,2026-09-08
MANSION_BUY,13204,三鷹市,AREA_SQM,812500,217,mlit_library,trade_unit_price_02,2025Q2-2026Q1,2026-09-08
MANSION_BUY,13205,青梅市,AREA_SQM,175000,129,mlit_library,trade_unit_price_02,2025Q2-2026Q1,2026-09-08
MANSION_BUY,13206,府中市,AREA_SQM,533333,356,mlit_library,trade_unit_price_02,2025Q2-2026Q1,2026-09-08
MANSION_BUY,13207,昭島市,AREA_SQM,395238,142,mlit_library,trade_unit_price_02,2025Q2-2026Q1,2026-09-08
MANSION_BUY,13208,調布市,AREA_SQM,625000,413,mlit_library,trade_unit_price_02,2025Q2-2026Q1,2026-09-08
MANSION_BUY,13209,町田市,AREA_SQM,428571,297,mlit_library,trade_unit_price_02,2025Q2-2026Q1,2026-09-08
MANSION_BUY,13210,小金井市,AREA_SQM,720000,140,mlit_library,trade_unit_price_02,2025Q2-2026Q1,2026-09-08
MANSION_BUY,13211,小平市,AREA_SQM,480000,167,mlit_library,trade_unit_price_02,2025Q2-2026Q1,2026-09-08
MANSION_BUY,13212,日野市,AREA_SQM,400000,153,mlit_library,trade_unit_price_02,2025Q2-2026Q1,2026-09-08
MANSION_BUY,13213,東村山市,AREA_SQM,353846,161,mlit_library,trade_unit_price_02,2025Q2-2026Q1,2026-09-08
MANSION_BUY,13214,国分寺市,AREA_SQM,773214,156,mlit_library,trade_unit_price_02,2025Q2-2026Q1,2026-09-08
MANSION_BUY,13215,国立市,AREA_SQM,621111,110,mlit_library,trade_unit_price_02,2025Q2-2026Q1,2026-09-08
MANSION_BUY,13218,福生市,AREA_SQM,272078,48,mlit_library,trade_unit_price_02,2025Q2-2026Q1,2026-09-08
MANSION_BUY,13219,狛江市,AREA_SQM,614286,117,mlit_library,trade_unit_price_02,2025Q2-2026Q1,2026-09-08
MANSION_BUY,13220,東大和市,AREA_SQM,414286,61,mlit_library,trade_unit_price_02,2025Q2-2026Q1,2026-09-08
MANSION_BUY,13221,清瀬市,AREA_SQM,425000,51,mlit_library,trade_unit_price_02,2025Q2-2026Q1,2026-09-08
MANSION_BUY,13222,東久留米市,AREA_SQM,260000,111,mlit_library,trade_unit_price_02,2025Q2-2026Q1,2026-09-08
MANSION_BUY,13224,多摩市,AREA_SQM,342857,343,mlit_library,trade_unit_price_02,2025Q2-2026Q1,2026-09-08
MANSION_BUY,13225,稲城市,AREA_SQM,400000,113,mlit_library,trade_unit_price_02,2025Q2-2026Q1,2026-09-08
MANSION_BUY,13227,羽村市,AREA_SQM,220940,28,mlit_library,trade_unit_price_02,2025Q2-2026Q1,2026-09-08
MANSION_BUY,13229,西東京市,AREA_SQM,563068,216,mlit_library,trade_unit_price_02,2025Q2-2026Q1,2026-09-08
MANSION_BUY,14101,横浜市鶴見区,AREA_SQM,500000,473,mlit_library,trade_unit_price_02,2025Q2-2026Q1,2026-09-08
MANSION_BUY,14102,横浜市神奈川区,AREA_SQM,700000,523,mlit_library,trade_unit_price_02,2025Q2-2026Q1,2026-09-08
MANSION_BUY,14103,横浜市西区,AREA_SQM,993333,400,mlit_library,trade_unit_price_02,2025Q2-2026Q1,2026-09-08
MANSION_BUY,14104,横浜市中区,AREA_SQM,783333,499,mlit_library,trade_unit_price_02,2025Q2-2026Q1,2026-09-08
MANSION_BUY,14105,横浜市南区,AREA_SQM,478509,374,mlit_library,trade_unit_price_02,2025Q2-2026Q1,2026-09-08
MANSION_BUY,14106,横浜市保土ケ谷区,AREA_SQM,355556,247,mlit_library,trade_unit_price_02,2025Q2-2026Q1,2026-09-08
MANSION_BUY,14107,横浜市磯子区,AREA_SQM,350000,286,mlit_library,trade_unit_price_02,2025Q2-2026Q1,2026-09-08
MANSION_BUY,14108,横浜市金沢区,AREA_SQM,276923,293,mlit_library,trade_unit_price_02,2025Q2-2026Q1,2026-09-08
MANSION_BUY,14109,横浜市港北区,AREA_SQM,646154,710,mlit_library,trade_unit_price_02,2025Q2-2026Q1,2026-09-08
MANSION_BUY,14110,横浜市戸塚区,AREA_SQM,414286,401,mlit_library,trade_unit_price_02,2025Q2-2026Q1,2026-09-08
MANSION_BUY,14111,横浜市港南区,AREA_SQM,330303,238,mlit_library,trade_unit_price_02,2025Q2-2026Q1,2026-09-08
MANSION_BUY,14112,横浜市旭区,AREA_SQM,266667,192,mlit_library,trade_unit_price_02,2025Q2-2026Q1,2026-09-08
MANSION_BUY,14113,横浜市緑区,AREA_SQM,437500,244,mlit_library,trade_unit_price_02,2025Q2-2026Q1,2026-09-08
MANSION_BUY,14114,横浜市瀬谷区,AREA_SQM,390476,40,mlit_library,trade_unit_price_02,2025Q2-2026Q1,2026-09-08
MANSION_BUY,14115,横浜市栄区,AREA_SQM,363603,128,mlit_library,trade_unit_price_02,2025Q2-2026Q1,2026-09-08
MANSION_BUY,14116,横浜市泉区,AREA_SQM,428571,87,mlit_library,trade_unit_price_02,2025Q2-2026Q1,2026-09-08
MANSION_BUY,14117,横浜市青葉区,AREA_SQM,569231,451,mlit_library,trade_unit_price_02,2025Q2-2026Q1,2026-09-08
MANSION_BUY,14118,横浜市都筑区,AREA_SQM,635294,325,mlit_library,trade_unit_price_02,2025Q2-2026Q1,2026-09-08
MANSION_BUY,14131,川崎市川崎区,AREA_SQM,615385,377,mlit_library,trade_unit_price_02,2025Q2-2026Q1,2026-09-08
MANSION_BUY,14132,川崎市幸区,AREA_SQM,800000,312,mlit_library,trade_unit_price_02,2025Q2-2026Q1,2026-09-08
MANSION_BUY,14133,川崎市中原区,AREA_SQM,1047222,540,mlit_library,trade_unit_price_02,2025Q2-2026Q1,2026-09-08
MANSION_BUY,14134,川崎市高津区,AREA_SQM,638750,372,mlit_library,trade_unit_price_02,2025Q2-2026Q1,2026-09-08
MANSION_BUY,14135,川崎市多摩区,AREA_SQM,470588,239,mlit_library,trade_unit_price_02,2025Q2-2026Q1,2026-09-08
MANSION_BUY,14136,川崎市宮前区,AREA_SQM,546667,469,mlit_library,trade_unit_price_02,2025Q2-2026Q1,2026-09-08
MANSION_BUY,14137,川崎市麻生区,AREA_SQM,400000,229,mlit_library,trade_unit_price_02,2025Q2-2026Q1,2026-09-08
MANSION_BUY,14151,相模原市緑区,AREA_SQM,382576,106,mlit_library,trade_unit_price_02,2025Q2-2026Q1,2026-09-08
MANSION_BUY,14152,相模原市中央区,AREA_SQM,300000,274,mlit_library,trade_unit_price_02,2025Q2-2026Q1,2026-09-08
MANSION_BUY,14153,相模原市南区,AREA_SQM,386607,302,mlit_library,trade_unit_price_02,2025Q2-2026Q1,2026-09-08
MANSION_BUY,14201,横須賀市,AREA_SQM,271429,353,mlit_library,trade_unit_price_02,2025Q2-2026Q1,2026-09-08
MANSION_BUY,14203,平塚市,AREA_SQM,346667,213,mlit_library,trade_unit_price_02,2025Q2-2026Q1,2026-09-08
MANSION_BUY,14204,鎌倉市,AREA_SQM,505882,173,mlit_library,trade_unit_price_02,2025Q2-2026Q1,2026-09-08
MANSION_BUY,14205,藤沢市,AREA_SQM,543056,512,mlit_library,trade_unit_price_02,2025Q2-2026Q1,2026-09-08
MANSION_BUY,14206,小田原市,AREA_SQM,306667,60,mlit_library,trade_unit_price_02,2025Q2-2026Q1,2026-09-08
MANSION_BUY,14207,茅ヶ崎市,AREA_SQM,485714,226,mlit_library,trade_unit_price_02,2025Q2-2026Q1,2026-09-08
MANSION_BUY,14208,逗子市,AREA_SQM,475962,88,mlit_library,trade_unit_price_02,2025Q2-2026Q1,2026-09-08
MANSION_BUY,14210,三浦市,AREA_SQM,329412,25,mlit_library,trade_unit_price_02,2025Q2-2026Q1,2026-09-08
MANSION_BUY,14211,秦野市,AREA_SQM,137500,55,mlit_library,trade_unit_price_02,2025Q2-2026Q1,2026-09-08
MANSION_BUY,14212,厚木市,AREA_SQM,290417,152,mlit_library,trade_unit_price_02,2025Q2-2026Q1,2026-09-08
MANSION_BUY,14213,大和市,AREA_SQM,413810,266,mlit_library,trade_unit_price_02,2025Q2-2026Q1,2026-09-08
MANSION_BUY,14214,伊勢原市,AREA_SQM,161818,40,mlit_library,trade_unit_price_02,2025Q2-2026Q1,2026-09-08
MANSION_BUY,14215,海老名市,AREA_SQM,387451,162,mlit_library,trade_unit_price_02,2025Q2-2026Q1,2026-09-08
MANSION_BUY,14216,座間市,AREA_SQM,254545,135,mlit_library,trade_unit_price_02,2025Q2-2026Q1,2026-09-08
MANSION_BUY,14218,綾瀬市,AREA_SQM,200000,30,mlit_library,trade_unit_price_02,2025Q2-2026Q1,2026-09-08
MANSION_BUY,14301,三浦郡葉山町,AREA_SQM,633333,19,mlit_library,trade_unit_price_02,2025Q2-2026Q1,2026-09-08
MANSION_BUY,14321,高座郡寒川町,AREA_SQM,180000,12,mlit_library,trade_unit_price_02,2025Q2-2026Q1,2026-09-08
MANSION_BUY,14341,中郡大磯町,AREA_SQM,442105,19,mlit_library,trade_unit_price_02,2025Q2-2026Q1,2026-09-08
MANSION_BUY,14382,足柄下郡箱根町,AREA_SQM,100000,114,mlit_library,trade_unit_price_02,2025Q2-2026Q1,2026-09-08
MANSION_BUY,14383,足柄下郡真鶴町,AREA_SQM,200000,12,mlit_library,trade_unit_price_02,2025Q2-2026Q1,2026-09-08
MANSION_BUY,14384,足柄下郡湯河原町,AREA_SQM,177778,79,mlit_library,trade_unit_price_02,2025Q2-2026Q1,2026-09-08
