city_jis,city_name,segment,rate_value,source,stat_basis,period,acquired_on
11101,さいたま市西区,1DK,70000,suumo_soba,rent_listed,2026-09,2026-09-05
11101,さいたま市西区,1K,78000,suumo_soba,rent_listed,2026-09,2026-09-05
11101,さいたま市西区,1LDK,105000,suumo_soba,rent_listed,2026-09,2026-09-05
11101,さいたま市西区,1R,69000,suumo_soba,rent_listed,2026-09,2026-09-05
11101,さいたま市西区,2K,86000,suumo_soba,rent_listed,2026-09,2026-09-05
11101,さいたま市西区,2LDK,131000,suumo_soba,rent_listed,2026-09,2026-09-05
11101,さいたま市西区,3DK,131000,suumo_soba,rent_listed,2026-09,2026-09-05
11101,さいたま市西区,3K,108000,suumo_soba,rent_listed,2026-09,2026-09-05
11101,さいたま市西区,3LDK,170000,suumo_soba,rent_listed,2026-09,2026-09-05
11101,さいたま市西区,4DK,143000,suumo_soba,rent_listed,2026-09,2026-09-05
11101,さいたま市西区,4K,132000,suumo_soba,rent_listed,2026-09,2026-09-05
11101,さいたま市西区,4LDK,162000,suumo_soba,rent_listed,2026-09,2026-09-05
11101,さいたま市西区,5K以上,144000,suumo_soba,rent_listed,2026-09,2026-09-05
11102,さいたま市北区,1DK,74000,suumo_soba,rent_listed,2026-09,2026-09-05
11102,さいたま市北区,1K,74000,suumo_soba,rent_listed,2026-09,2026-09-05
11102,さいたま市北区,1LDK,118000,suumo_soba,rent_listed,2026-09,2026-09-05
11102,さいたま市北区,1R,73000,suumo_soba,rent_listed,2026-09,2026-09-05
11102,さいたま市北区,2K,75000,suumo_soba,rent_listed,2026-09,2026-09-05
11102,さいたま市北区,3K,127000,suumo_soba,rent_listed,2026-09,2026-09-05
11102,さいたま市北区,3LDK,171000,suumo_soba,rent_listed,2026-09,2026-09-05
11102,さいたま市北区,4DK,174000,suumo_soba,rent_listed,2026-09,2026-09-05
11102,さいたま市北区,4K,131000,suumo_soba,rent_listed,2026-09,2026-09-05
11102,さいたま市北区,4LDK,216000,suumo_soba,rent_listed,2026-09,2026-09-05
11102,さいたま市北区,5K以上,190000,suumo_soba,rent_listed,2026-09,2026-09-05
11103,さいたま市大宮区,1DK,110000,suumo_soba,rent_listed,2026-09,2026-09-05
11103,さいたま市大宮区,1K,89000,suumo_soba,rent_listed,2026-09,2026-09-05
11103,さいたま市大宮区,1LDK,130000,suumo_soba,rent_listed,2026-09,2026-09-05
11103,さいたま市大宮区,1R,88000,suumo_soba,rent_listed,2026-09,2026-09-05
11103,さいたま市大宮区,2K,128000,suumo_soba,rent_listed,2026-09,2026-09-05
11103,さいたま市大宮区,2LDK,165000,suumo_soba,rent_listed,2026-09,2026-09-05
11103,さいたま市大宮区,3DK,155000,suumo_soba,rent_listed,2026-09,2026-09-05
11103,さいたま市大宮区,3K,151000,suumo_soba,rent_listed,2026-09,2026-09-05
11103,さいたま市大宮区,3LDK,299000,suumo_soba,rent_listed,2026-09,2026-09-05
11103,さいたま市大宮区,4DK,208000,suumo_soba,rent_listed,2026-09,2026-09-05
11103,さいたま市大宮区,4K,166000,suumo_soba,rent_listed,2026-09,2026-09-05
11104,さいたま市見沼区,1DK,76000,suumo_soba,rent_listed,2026-09,2026-09-05
11104,さいたま市見沼区,1K,72000,suumo_soba,rent_listed,2026-09,2026-09-05
11104,さいたま市見沼区,1LDK,104000,suumo_soba,rent_listed,2026-09,2026-09-05
11104,さいたま市見沼区,1R,71000,suumo_soba,rent_listed,2026-09,2026-09-05
11104,さいたま市見沼区,2K,100000,suumo_soba,rent_listed,2026-09,2026-09-05
11104,さいたま市見沼区,2LDK,143000,suumo_soba,rent_listed,2026-09,2026-09-05
11104,さいたま市見沼区,3DK,155000,suumo_soba,rent_listed,2026-09,2026-09-05
11104,さいたま市見沼区,3K,150000,suumo_soba,rent_listed,2026-09,2026-09-05
11104,さいたま市見沼区,3LDK,160000,suumo_soba,rent_listed,2026-09,2026-09-05
11104,さいたま市見沼区,4DK,242000,suumo_soba,rent_listed,2026-09,2026-09-05
11104,さいたま市見沼区,4K,156000,suumo_soba,rent_listed,2026-09,2026-09-05
11104,さいたま市見沼区,5K以上,221000,suumo_soba,rent_listed,2026-09,2026-09-05
11105,さいたま市中央区,1DK,88000,suumo_soba,rent_listed,2026-09,2026-09-05
11105,さいたま市中央区,1K,86000,suumo_soba,rent_listed,2026-09,2026-09-05
11105,さいたま市中央区,1LDK,127000,suumo_soba,rent_listed,2026-09,2026-09-05
11105,さいたま市中央区,1R,84000,suumo_soba,rent_listed,2026-09,2026-09-05
11105,さいたま市中央区,2DK,114000,suumo_soba,rent_listed,2026-09,2026-09-05
11105,さいたま市中央区,2K,89000,suumo_soba,rent_listed,2026-09,2026-09-05
11105,さいたま市中央区,2LDK,137000,suumo_soba,rent_listed,2026-09,2026-09-05
11105,さいたま市中央区,3DK,135000,suumo_soba,rent_listed,2026-09,2026-09-05
11105,さいたま市中央区,3K,130000,suumo_soba,rent_listed,2026-09,2026-09-05
11105,さいたま市中央区,3LDK,224000,suumo_soba,rent_listed,2026-09,2026-09-05
11105,さいたま市中央区,4DK,203000,suumo_soba,rent_listed,2026-09,2026-09-05
11105,さいたま市中央区,4K,138000,suumo_soba,rent_listed,2026-09,2026-09-05
11105,さいたま市中央区,5K以上,249000,suumo_soba,rent_listed,2026-09,2026-09-05
11106,さいたま市桜区,1K,74000,suumo_soba,rent_listed,2026-09,2026-09-05
11106,さいたま市桜区,1LDK,118000,suumo_soba,rent_listed,2026-09,2026-09-05
11106,さいたま市桜区,2K,100000,suumo_soba,rent_listed,2026-09,2026-09-05
11106,さいたま市桜区,2LDK,138000,suumo_soba,rent_listed,2026-09,2026-09-05
11106,さいたま市桜区,3DK,138000,suumo_soba,rent_listed,2026-09,2026-09-05
11106,さいたま市桜区,3K,119000,suumo_soba,rent_listed,2026-09,2026-09-05
11106,さいたま市桜区,3LDK,172000,suumo_soba,rent_listed,2026-09,2026-09-05
11106,さいたま市桜区,4DK,205000,suumo_soba,rent_listed,2026-09,2026-09-05
11106,さいたま市桜区,4K,139000,suumo_soba,rent_listed,2026-09,2026-09-05
11106,さいたま市桜区,4LDK,206000,suumo_soba,rent_listed,2026-09,2026-09-05
11106,さいたま市桜区,5K以上,176000,suumo_soba,rent_listed,2026-09,2026-09-05
11107,さいたま市浦和区,1DK,106000,suumo_soba,rent_listed,2026-09,2026-09-05
11107,さいたま市浦和区,1K,86000,suumo_soba,rent_listed,2026-09,2026-09-05
11107,さいたま市浦和区,1LDK,139000,suumo_soba,rent_listed,2026-09,2026-09-05
11107,さいたま市浦和区,1R,85000,suumo_soba,rent_listed,2026-09,2026-09-05
11107,さいたま市浦和区,2DK,130000,suumo_soba,rent_listed,2026-09,2026-09-05
11107,さいたま市浦和区,2K,108000,suumo_soba,rent_listed,2026-09,2026-09-05
11107,さいたま市浦和区,2LDK,190000,suumo_soba,rent_listed,2026-09,2026-09-05
11107,さいたま市浦和区,3K,152000,suumo_soba,rent_listed,2026-09,2026-09-05
11107,さいたま市浦和区,3LDK,225000,suumo_soba,rent_listed,2026-09,2026-09-05
11107,さいたま市浦和区,4DK,223000,suumo_soba,rent_listed,2026-09,2026-09-05
11107,さいたま市浦和区,4K,184000,suumo_soba,rent_listed,2026-09,2026-09-05
11107,さいたま市浦和区,4LDK,279000,suumo_soba,rent_listed,2026-09,2026-09-05
11107,さいたま市浦和区,5K以上,241000,suumo_soba,rent_listed,2026-09,2026-09-05
11108,さいたま市南区,1DK,101000,suumo_soba,rent_listed,2026-09,2026-09-05
11108,さいたま市南区,1LDK,131000,suumo_soba,rent_listed,2026-09,2026-09-05
11108,さいたま市南区,1R,82000,suumo_soba,rent_listed,2026-09,2026-09-05
11108,さいたま市南区,2LDK,176000,suumo_soba,rent_listed,2026-09,2026-09-05
11108,さいたま市南区,3LDK,270000,suumo_soba,rent_listed,2026-09,2026-09-05
11108,さいたま市南区,4DK,178000,suumo_soba,rent_listed,2026-09,2026-09-05
11108,さいたま市南区,4K,185000,suumo_soba,rent_listed,2026-09,2026-09-05
11108,さいたま市南区,5K以上,178000,suumo_soba,rent_listed,2026-09,2026-09-05
11109,さいたま市緑区,1K,78000,suumo_soba,rent_listed,2026-09,2026-09-05
11109,さいたま市緑区,1LDK,122000,suumo_soba,rent_listed,2026-09,2026-09-05
11109,さいたま市緑区,1R,73000,suumo_soba,rent_listed,2026-09,2026-09-05
11109,さいたま市緑区,2DK,122000,suumo_soba,rent_listed,2026-09,2026-09-05
11109,さいたま市緑区,2K,79000,suumo_soba,rent_listed,2026-09,2026-09-05
11109,さいたま市緑区,2LDK,136000,suumo_soba,rent_listed,2026-09,2026-09-05
11109,さいたま市緑区,3DK,126000,suumo_soba,rent_listed,2026-09,2026-09-05
11109,さいたま市緑区,3K,133000,suumo_soba,rent_listed,2026-09,2026-09-05
11109,さいたま市緑区,3LDK,220000,suumo_soba,rent_listed,2026-09,2026-09-05
11109,さいたま市緑区,4DK,181000,suumo_soba,rent_listed,2026-09,2026-09-05
11109,さいたま市緑区,4K,137000,suumo_soba,rent_listed,2026-09,2026-09-05
11109,さいたま市緑区,4LDK,218000,suumo_soba,rent_listed,2026-09,2026-09-05
11109,さいたま市緑区,5K以上,172000,suumo_soba,rent_listed,2026-09,2026-09-05
11203,川口市,1DK,94000,suumo_soba,rent_listed,2026-09,2026-09-05
11203,川口市,1K,77000,suumo_soba,rent_listed,2026-09,2026-09-05
11203,川口市,1LDK,127000,suumo_soba,rent_listed,2026-09,2026-09-05
11203,川口市,1R,76000,suumo_soba,rent_listed,2026-09,2026-09-05
11203,川口市,2DK,127000,suumo_soba,rent_listed,2026-09,2026-09-05
11203,川口市,2K,95000,suumo_soba,rent_listed,2026-09,2026-09-05
11203,川口市,2LDK,145000,suumo_soba,rent_listed,2026-09,2026-09-05
11203,川口市,3K,145000,suumo_soba,rent_listed,2026-09,2026-09-05
11203,川口市,3LDK,200000,suumo_soba,rent_listed,2026-09,2026-09-05
11203,川口市,4DK,153000,suumo_soba,rent_listed,2026-09,2026-09-05
11203,川口市,4K,146000,suumo_soba,rent_listed,2026-09,2026-09-05
11221,草加市,1DK,78000,suumo_soba,rent_listed,2026-09,2026-09-05
11221,草加市,1K,77000,suumo_soba,rent_listed,2026-09,2026-09-05
11221,草加市,1LDK,115000,suumo_soba,rent_listed,2026-09,2026-09-05
11221,草加市,1R,69000,suumo_soba,rent_listed,2026-09,2026-09-05
11221,草加市,2DK,112000,suumo_soba,rent_listed,2026-09,2026-09-05
11221,草加市,2K,80000,suumo_soba,rent_listed,2026-09,2026-09-05
11221,草加市,2LDK,147000,suumo_soba,rent_listed,2026-09,2026-09-05
11221,草加市,3DK,147000,suumo_soba,rent_listed,2026-09,2026-09-05
11221,草加市,3K,119000,suumo_soba,rent_listed,2026-09,2026-09-05
11221,草加市,3LDK,158000,suumo_soba,rent_listed,2026-09,2026-09-05
11221,草加市,4DK,183000,suumo_soba,rent_listed,2026-09,2026-09-05
11221,草加市,4K,148000,suumo_soba,rent_listed,2026-09,2026-09-05
11221,草加市,4LDK,192000,suumo_soba,rent_listed,2026-09,2026-09-05
11221,草加市,5K以上,179000,suumo_soba,rent_listed,2026-09,2026-09-05
11222,越谷市,1DK,89000,suumo_soba,rent_listed,2026-09,2026-09-05
11222,越谷市,1K,76000,suumo_soba,rent_listed,2026-09,2026-09-05
11222,越谷市,1R,75000,suumo_soba,rent_listed,2026-09,2026-09-05
11222,越谷市,2DK,118000,suumo_soba,rent_listed,2026-09,2026-09-05
11222,越谷市,2K,97000,suumo_soba,rent_listed,2026-09,2026-09-05
11222,越谷市,2LDK,148000,suumo_soba,rent_listed,2026-09,2026-09-05
11222,越谷市,3DK,152000,suumo_soba,rent_listed,2026-09,2026-09-05
11222,越谷市,3K,127000,suumo_soba,rent_listed,2026-09,2026-09-05
11222,越谷市,3LDK,194000,suumo_soba,rent_listed,2026-09,2026-09-05
11222,越谷市,4DK,164000,suumo_soba,rent_listed,2026-09,2026-09-05
11222,越谷市,4K,152000,suumo_soba,rent_listed,2026-09,2026-09-05
11222,越谷市,4LDK,215000,suumo_soba,rent_listed,2026-09,2026-09-05
11222,越谷市,5K以上,244000,suumo_soba,rent_listed,2026-09,2026-09-05
11223,蕨市,1DK,100000,suumo_soba,rent_listed,2026-09,2026-09-05
11223,蕨市,1K,81000,suumo_soba,rent_listed,2026-09,2026-09-05
11223,蕨市,1LDK,126000,suumo_soba,rent_listed,2026-09,2026-09-05
11223,蕨市,1R,80000,suumo_soba,rent_listed,2026-09,2026-09-05
11223,蕨市,2K,116000,suumo_soba,rent_listed,2026-09,2026-09-05
11223,蕨市,2LDK,148000,suumo_soba,rent_listed,2026-09,2026-09-05
11223,蕨市,3DK,142000,suumo_soba,rent_listed,2026-09,2026-09-05
11223,蕨市,3K,145000,suumo_soba,rent_listed,2026-09,2026-09-05
11223,蕨市,3LDK,187000,suumo_soba,rent_listed,2026-09,2026-09-05
11223,蕨市,4DK,209000,suumo_soba,rent_listed,2026-09,2026-09-05
11223,蕨市,4K,150000,suumo_soba,rent_listed,2026-09,2026-09-05
11223,蕨市,5K以上,160000,suumo_soba,rent_listed,2026-09,2026-09-05
11224,戸田市,1DK,102000,suumo_soba,rent_listed,2026-09,2026-09-05
11224,戸田市,1K,82000,suumo_soba,rent_listed,2026-09,2026-09-05
11224,戸田市,1LDK,131000,suumo_soba,rent_listed,2026-09,2026-09-05
11224,戸田市,1R,81000,suumo_soba,rent_listed,2026-09,2026-09-05
11224,戸田市,2K,124000,suumo_soba,rent_listed,2026-09,2026-09-05
11224,戸田市,2LDK,144000,suumo_soba,rent_listed,2026-09,2026-09-05
11224,戸田市,3DK,133000,suumo_soba,rent_listed,2026-09,2026-09-05
11224,戸田市,3K,132000,suumo_soba,rent_listed,2026-09,2026-09-05
11224,戸田市,3LDK,214000,suumo_soba,rent_listed,2026-09,2026-09-05
11224,戸田市,4DK,163000,suumo_soba,rent_listed,2026-09,2026-09-05
11224,戸田市,4K,145000,suumo_soba,rent_listed,2026-09,2026-09-05
11224,戸田市,5K以上,174000,suumo_soba,rent_listed,2026-09,2026-09-05
11227,朝霞市,1K,89000,suumo_soba,rent_listed,2026-09,2026-09-05
11227,朝霞市,1LDK,123000,suumo_soba,rent_listed,2026-09,2026-09-05
11227,朝霞市,1R,78000,suumo_soba,rent_listed,2026-09,2026-09-05
11227,朝霞市,2K,128000,suumo_soba,rent_listed,2026-09,2026-09-05
11227,朝霞市,2LDK,159000,suumo_soba,rent_listed,2026-09,2026-09-05
11227,朝霞市,3DK,159000,suumo_soba,rent_listed,2026-09,2026-09-05
11227,朝霞市,3K,137000,suumo_soba,rent_listed,2026-09,2026-09-05
11227,朝霞市,3LDK,196000,suumo_soba,rent_listed,2026-09,2026-09-05
11227,朝霞市,4DK,190000,suumo_soba,rent_listed,2026-09,2026-09-05
11227,朝霞市,4K,160000,suumo_soba,rent_listed,2026-09,2026-09-05
11227,朝霞市,5K以上,177000,suumo_soba,rent_listed,2026-09,2026-09-05
11228,志木市,1DK,96000,suumo_soba,rent_listed,2026-09,2026-09-05
11228,志木市,1K,91000,suumo_soba,rent_listed,2026-09,2026-09-05
11228,志木市,1LDK,114000,suumo_soba,rent_listed,2026-09,2026-09-05
11228,志木市,2DK,106000,suumo_soba,rent_listed,2026-09,2026-09-05
11228,志木市,2K,100000,suumo_soba,rent_listed,2026-09,2026-09-05
11228,志木市,3DK,161000,suumo_soba,rent_listed,2026-09,2026-09-05
11228,志木市,3K,119000,suumo_soba,rent_listed,2026-09,2026-09-05
11228,志木市,4DK,198000,suumo_soba,rent_listed,2026-09,2026-09-05
11228,志木市,4K,162000,suumo_soba,rent_listed,2026-09,2026-09-05
11228,志木市,4LDK,226000,suumo_soba,rent_listed,2026-09,2026-09-05
11228,志木市,5K以上,191000,suumo_soba,rent_listed,2026-09,2026-09-05
11229,和光市,1K,88000,suumo_soba,rent_listed,2026-09,2026-09-05
11229,和光市,1LDK,125000,suumo_soba,rent_listed,2026-09,2026-09-05
11229,和光市,1R,87000,suumo_soba,rent_listed,2026-09,2026-09-05
11229,和光市,2K,110000,suumo_soba,rent_listed,2026-09,2026-09-05
11229,和光市,2LDK,159000,suumo_soba,rent_listed,2026-09,2026-09-05
11229,和光市,3DK,157000,suumo_soba,rent_listed,2026-09,2026-09-05
11229,和光市,3K,142000,suumo_soba,rent_listed,2026-09,2026-09-05
11229,和光市,3LDK,211000,suumo_soba,rent_listed,2026-09,2026-09-05
11229,和光市,4DK,178000,suumo_soba,rent_listed,2026-09,2026-09-05
11229,和光市,4K,160000,suumo_soba,rent_listed,2026-09,2026-09-05
11229,和光市,4LDK,234000,suumo_soba,rent_listed,2026-09,2026-09-05
11229,和光市,5K以上,173000,suumo_soba,rent_listed,2026-09,2026-09-05
11230,新座市,1LDK,118000,suumo_soba,rent_listed,2026-09,2026-09-05
11230,新座市,1R,74000,suumo_soba,rent_listed,2026-09,2026-09-05
11230,新座市,2LDK,158000,suumo_soba,rent_listed,2026-09,2026-09-05
11230,新座市,3DK,161000,suumo_soba,rent_listed,2026-09,2026-09-05
11230,新座市,3K,155000,suumo_soba,rent_listed,2026-09,2026-09-05
11230,新座市,4DK,164000,suumo_soba,rent_listed,2026-09,2026-09-05
11230,新座市,4K,162000,suumo_soba,rent_listed,2026-09,2026-09-05
11230,新座市,4LDK,219000,suumo_soba,rent_listed,2026-09,2026-09-05
11230,新座市,5K以上,255000,suumo_soba,rent_listed,2026-09,2026-09-05
11234,八潮市,1DK,84000,suumo_soba,rent_listed,2026-09,2026-09-05
11234,八潮市,1K,83000,suumo_soba,rent_listed,2026-09,2026-09-05
11234,八潮市,1LDK,112000,suumo_soba,rent_listed,2026-09,2026-09-05
11234,八潮市,1R,81000,suumo_soba,rent_listed,2026-09,2026-09-05
11234,八潮市,2K,85000,suumo_soba,rent_listed,2026-09,2026-09-05
11234,八潮市,2LDK,146000,suumo_soba,rent_listed,2026-09,2026-09-05
11234,八潮市,3DK,145000,suumo_soba,rent_listed,2026-09,2026-09-05
11234,八潮市,3K,122000,suumo_soba,rent_listed,2026-09,2026-09-05
11234,八潮市,3LDK,175000,suumo_soba,rent_listed,2026-09,2026-09-05
11234,八潮市,4DK,187000,suumo_soba,rent_listed,2026-09,2026-09-05
11234,八潮市,4K,147000,suumo_soba,rent_listed,2026-09,2026-09-05
11234,八潮市,4LDK,248000,suumo_soba,rent_listed,2026-09,2026-09-05
11234,八潮市,5K以上,244000,suumo_soba,rent_listed,2026-09,2026-09-05
11235,富士見市,1DK,82000,suumo_soba,rent_listed,2026-09,2026-09-05
11235,富士見市,1K,68000,suumo_soba,rent_listed,2026-09,2026-09-05
11235,富士見市,1LDK,114000,suumo_soba,rent_listed,2026-09,2026-09-05
11235,富士見市,1R,69000,suumo_soba,rent_listed,2026-09,2026-09-05
11235,富士見市,2K,87000,suumo_soba,rent_listed,2026-09,2026-09-05
11235,富士見市,2LDK,148000,suumo_soba,rent_listed,2026-09,2026-09-05
11235,富士見市,3DK,153000,suumo_soba,rent_listed,2026-09,2026-09-05
11235,富士見市,3K,148000,suumo_soba,rent_listed,2026-09,2026-09-05
11235,富士見市,3LDK,168000,suumo_soba,rent_listed,2026-09,2026-09-05
11235,富士見市,4DK,177000,suumo_soba,rent_listed,2026-09,2026-09-05
11235,富士見市,4K,154000,suumo_soba,rent_listed,2026-09,2026-09-05
11235,富士見市,4LDK,244000,suumo_soba,rent_listed,2026-09,2026-09-05
11235,富士見市,5K以上,168000,suumo_soba,rent_listed,2026-09,2026-09-05
11237,三郷市,1DK,80000,suumo_soba,rent_listed,2026-09,2026-09-05
11237,三郷市,1K,74000,suumo_soba,rent_listed,2026-09,2026-09-05
11237,三郷市,1LDK,113000,suumo_soba,rent_listed,2026-09,2026-09-05
11237,三郷市,1R,73000,suumo_soba,rent_listed,2026-09,2026-09-05
11237,三郷市,2DK,103000,suumo_soba,rent_listed,2026-09,2026-09-05
11237,三郷市,2K,93000,suumo_soba,rent_listed,2026-09,2026-09-05
11237,三郷市,2LDK,149000,suumo_soba,rent_listed,2026-09,2026-09-05
11237,三郷市,3DK,148000,suumo_soba,rent_listed,2026-09,2026-09-05
11237,三郷市,3K,113000,suumo_soba,rent_listed,2026-09,2026-09-05
11237,三郷市,4DK,163000,suumo_soba,rent_listed,2026-09,2026-09-05
11237,三郷市,4K,150000,suumo_soba,rent_listed,2026-09,2026-09-05
11237,三郷市,5K以上,188000,suumo_soba,rent_listed,2026-09,2026-09-05
11243,吉川市,1DK,78000,suumo_soba,rent_listed,2026-09,2026-09-05
11243,吉川市,1K,73000,suumo_soba,rent_listed,2026-09,2026-09-05
11243,吉川市,1LDK,103000,suumo_soba,rent_listed,2026-09,2026-09-05
11243,吉川市,1R,71000,suumo_soba,rent_listed,2026-09,2026-09-05
11243,吉川市,2DK,96000,suumo_soba,rent_listed,2026-09,2026-09-05
11243,吉川市,2K,89000,suumo_soba,rent_listed,2026-09,2026-09-05
11243,吉川市,2LDK,113000,suumo_soba,rent_listed,2026-09,2026-09-05
11243,吉川市,3DK,112000,suumo_soba,rent_listed,2026-09,2026-09-05
11243,吉川市,3K,104000,suumo_soba,rent_listed,2026-09,2026-09-05
11243,吉川市,3LDK,183000,suumo_soba,rent_listed,2026-09,2026-09-05
11243,吉川市,4DK,154000,suumo_soba,rent_listed,2026-09,2026-09-05
11243,吉川市,4K,114000,suumo_soba,rent_listed,2026-09,2026-09-05
11243,吉川市,4LDK,213000,suumo_soba,rent_listed,2026-09,2026-09-05
11243,吉川市,5K以上,219000,suumo_soba,rent_listed,2026-09,2026-09-05
12203,市川市,1DK,106000,suumo_soba,rent_listed,2026-09,2026-09-05
12203,市川市,1K,82000,suumo_soba,rent_listed,2026-09,2026-09-05
12203,市川市,1LDK,123000,suumo_soba,rent_listed,2026-09,2026-09-05
12203,市川市,1R,81000,suumo_soba,rent_listed,2026-09,2026-09-05
12203,市川市,2LDK,165000,suumo_soba,rent_listed,2026-09,2026-09-05
12203,市川市,3DK,162000,suumo_soba,rent_listed,2026-09,2026-09-05
12203,市川市,3K,158000,suumo_soba,rent_listed,2026-09,2026-09-05
12203,市川市,3LDK,212000,suumo_soba,rent_listed,2026-09,2026-09-05
12203,市川市,4DK,229000,suumo_soba,rent_listed,2026-09,2026-09-05
12203,市川市,4K,170000,suumo_soba,rent_listed,2026-09,2026-09-05
12203,市川市,4LDK,285000,suumo_soba,rent_listed,2026-09,2026-09-05
12204,船橋市,1DK,83000,suumo_soba,rent_listed,2026-09,2026-09-05
12204,船橋市,1K,83000,suumo_soba,rent_listed,2026-09,2026-09-05
12204,船橋市,1LDK,122000,suumo_soba,rent_listed,2026-09,2026-09-05
12204,船橋市,1R,74000,suumo_soba,rent_listed,2026-09,2026-09-05
12204,船橋市,2DK,122000,suumo_soba,rent_listed,2026-09,2026-09-05
12204,船橋市,2K,85000,suumo_soba,rent_listed,2026-09,2026-09-05
12204,船橋市,2LDK,144000,suumo_soba,rent_listed,2026-09,2026-09-05
12204,船橋市,3K,123000,suumo_soba,rent_listed,2026-09,2026-09-05
12204,船橋市,3LDK,188000,suumo_soba,rent_listed,2026-09,2026-09-05
12204,船橋市,4DK,162000,suumo_soba,rent_listed,2026-09,2026-09-05
12204,船橋市,4K,145000,suumo_soba,rent_listed,2026-09,2026-09-05
12204,船橋市,5K以上,187000,suumo_soba,rent_listed,2026-09,2026-09-05
12207,松戸市,1K,76000,suumo_soba,rent_listed,2026-09,2026-09-05
12207,松戸市,1LDK,109000,suumo_soba,rent_listed,2026-09,2026-09-05
12207,松戸市,1R,75000,suumo_soba,rent_listed,2026-09,2026-09-05
12207,松戸市,2DK,120000,suumo_soba,rent_listed,2026-09,2026-09-05
12207,松戸市,2K,82000,suumo_soba,rent_listed,2026-09,2026-09-05
12207,松戸市,2LDK,159000,suumo_soba,rent_listed,2026-09,2026-09-05
12207,松戸市,3K,123000,suumo_soba,rent_listed,2026-09,2026-09-05
12207,松戸市,3LDK,196000,suumo_soba,rent_listed,2026-09,2026-09-05
12207,松戸市,4DK,166000,suumo_soba,rent_listed,2026-09,2026-09-05
12207,松戸市,4K,160000,suumo_soba,rent_listed,2026-09,2026-09-05
12207,松戸市,5K以上,209000,suumo_soba,rent_listed,2026-09,2026-09-05
12216,習志野市,1DK,77000,suumo_soba,rent_listed,2026-09,2026-09-05
12216,習志野市,1K,67000,suumo_soba,rent_listed,2026-09,2026-09-05
12216,習志野市,1LDK,110000,suumo_soba,rent_listed,2026-09,2026-09-05
12216,習志野市,2DK,98000,suumo_soba,rent_listed,2026-09,2026-09-05
12216,習志野市,2K,88000,suumo_soba,rent_listed,2026-09,2026-09-05
12216,習志野市,3DK,141000,suumo_soba,rent_listed,2026-09,2026-09-05
12216,習志野市,3K,119000,suumo_soba,rent_listed,2026-09,2026-09-05
12216,習志野市,4DK,182000,suumo_soba,rent_listed,2026-09,2026-09-05
12216,習志野市,4K,152000,suumo_soba,rent_listed,2026-09,2026-09-05
12216,習志野市,5K以上,229000,suumo_soba,rent_listed,2026-09,2026-09-05
12217,柏市,1DK,91000,suumo_soba,rent_listed,2026-09,2026-09-05
12217,柏市,1K,79000,suumo_soba,rent_listed,2026-09,2026-09-05
12217,柏市,1LDK,113000,suumo_soba,rent_listed,2026-09,2026-09-05
12217,柏市,1R,76000,suumo_soba,rent_listed,2026-09,2026-09-05
12217,柏市,2DK,136000,suumo_soba,rent_listed,2026-09,2026-09-05
12217,柏市,2K,103000,suumo_soba,rent_listed,2026-09,2026-09-05
12217,柏市,2LDK,140000,suumo_soba,rent_listed,2026-09,2026-09-05
12217,柏市,3DK,146000,suumo_soba,rent_listed,2026-09,2026-09-05
12217,柏市,3K,143000,suumo_soba,rent_listed,2026-09,2026-09-05
12217,柏市,3LDK,201000,suumo_soba,rent_listed,2026-09,2026-09-05
12217,柏市,4DK,208000,suumo_soba,rent_listed,2026-09,2026-09-05
12217,柏市,4K,147000,suumo_soba,rent_listed,2026-09,2026-09-05
12217,柏市,4LDK,286000,suumo_soba,rent_listed,2026-09,2026-09-05
12217,柏市,5K以上,243000,suumo_soba,rent_listed,2026-09,2026-09-05
12220,流山市,1K,86000,suumo_soba,rent_listed,2026-09,2026-09-05
12220,流山市,1LDK,117000,suumo_soba,rent_listed,2026-09,2026-09-05
12220,流山市,1R,85000,suumo_soba,rent_listed,2026-09,2026-09-05
12220,流山市,2DK,109000,suumo_soba,rent_listed,2026-09,2026-09-05
12220,流山市,2K,103000,suumo_soba,rent_listed,2026-09,2026-09-05
12220,流山市,2LDK,146000,suumo_soba,rent_listed,2026-09,2026-09-05
12220,流山市,3K,123000,suumo_soba,rent_listed,2026-09,2026-09-05
12220,流山市,3LDK,218000,suumo_soba,rent_listed,2026-09,2026-09-05
12220,流山市,4DK,189000,suumo_soba,rent_listed,2026-09,2026-09-05
12220,流山市,4K,145000,suumo_soba,rent_listed,2026-09,2026-09-05
12220,流山市,4LDK,223000,suumo_soba,rent_listed,2026-09,2026-09-05
12220,流山市,5K以上,162000,suumo_soba,rent_listed,2026-09,2026-09-05
12224,鎌ケ谷市,1DK,80000,suumo_soba,rent_listed,2026-09,2026-09-05
12224,鎌ケ谷市,1K,75000,suumo_soba,rent_listed,2026-09,2026-09-05
12224,鎌ケ谷市,1LDK,94000,suumo_soba,rent_listed,2026-09,2026-09-05
12224,鎌ケ谷市,1R,69000,suumo_soba,rent_listed,2026-09,2026-09-05
12224,鎌ケ谷市,2K,81000,suumo_soba,rent_listed,2026-09,2026-09-05
12224,鎌ケ谷市,2LDK,129000,suumo_soba,rent_listed,2026-09,2026-09-05
12224,鎌ケ谷市,3DK,128000,suumo_soba,rent_listed,2026-09,2026-09-05
12224,鎌ケ谷市,3K,100000,suumo_soba,rent_listed,2026-09,2026-09-05
12224,鎌ケ谷市,4DK,140000,suumo_soba,rent_listed,2026-09,2026-09-05
12224,鎌ケ谷市,4K,130000,suumo_soba,rent_listed,2026-09,2026-09-05
12224,鎌ケ谷市,5K以上,131000,suumo_soba,rent_listed,2026-09,2026-09-05
12227,浦安市,1DK,105000,suumo_soba,rent_listed,2026-09,2026-09-05
12227,浦安市,1K,89000,suumo_soba,rent_listed,2026-09,2026-09-05
12227,浦安市,1LDK,131000,suumo_soba,rent_listed,2026-09,2026-09-05
12227,浦安市,1R,88000,suumo_soba,rent_listed,2026-09,2026-09-05
12227,浦安市,2DK,151000,suumo_soba,rent_listed,2026-09,2026-09-05
12227,浦安市,2K,106000,suumo_soba,rent_listed,2026-09,2026-09-05
12227,浦安市,2LDK,176000,suumo_soba,rent_listed,2026-09,2026-09-05
12227,浦安市,3DK,161000,suumo_soba,rent_listed,2026-09,2026-09-05
12227,浦安市,3LDK,231000,suumo_soba,rent_listed,2026-09,2026-09-05
12227,浦安市,4DK,209000,suumo_soba,rent_listed,2026-09,2026-09-05
12227,浦安市,4K,177000,suumo_soba,rent_listed,2026-09,2026-09-05
13101,千代田区,1DK,163000,suumo_soba,rent_listed,2026-09,2026-09-05
13101,千代田区,1K,133000,suumo_soba,rent_listed,2026-09,2026-09-05
13101,千代田区,1LDK,223000,suumo_soba,rent_listed,2026-09,2026-09-05
13101,千代田区,1R,132000,suumo_soba,rent_listed,2026-09,2026-09-05
13101,千代田区,2DK,226000,suumo_soba,rent_listed,2026-09,2026-09-05
13101,千代田区,2K,252000,suumo_soba,rent_listed,2026-09,2026-09-05
13101,千代田区,2LDK,332000,suumo_soba,rent_listed,2026-09,2026-09-05
13101,千代田区,3LDK,776000,suumo_soba,rent_listed,2026-09,2026-09-05
13102,中央区,1DK,155000,suumo_soba,rent_listed,2026-09,2026-09-05
13102,中央区,1K,140000,suumo_soba,rent_listed,2026-09,2026-09-05
13102,中央区,1LDK,205000,suumo_soba,rent_listed,2026-09,2026-09-05
13102,中央区,1R,139000,suumo_soba,rent_listed,2026-09,2026-09-05
13102,中央区,2DK,245000,suumo_soba,rent_listed,2026-09,2026-09-05
13102,中央区,2K,202000,suumo_soba,rent_listed,2026-09,2026-09-05
13102,中央区,2LDK,290000,suumo_soba,rent_listed,2026-09,2026-09-05
13102,中央区,3DK,302000,suumo_soba,rent_listed,2026-09,2026-09-05
13102,中央区,3K,303000,suumo_soba,rent_listed,2026-09,2026-09-05
13102,中央区,3LDK,381000,suumo_soba,rent_listed,2026-09,2026-09-05
13102,中央区,4DK,363000,suumo_soba,rent_listed,2026-09,2026-09-05
13102,中央区,4K,318000,suumo_soba,rent_listed,2026-09,2026-09-05
13102,中央区,4LDK,445000,suumo_soba,rent_listed,2026-09,2026-09-05
13102,中央区,5K以上,306000,suumo_soba,rent_listed,2026-09,2026-09-05
13103,港区,1K,186000,suumo_soba,rent_listed,2026-09,2026-09-05
13103,港区,1LDK,279000,suumo_soba,rent_listed,2026-09,2026-09-05
13103,港区,1R,158000,suumo_soba,rent_listed,2026-09,2026-09-05
13103,港区,2DK,396000,suumo_soba,rent_listed,2026-09,2026-09-05
13103,港区,2K,189000,suumo_soba,rent_listed,2026-09,2026-09-05
13103,港区,2LDK,472000,suumo_soba,rent_listed,2026-09,2026-09-05
13103,港区,3LDK,906000,suumo_soba,rent_listed,2026-09,2026-09-05
13104,新宿区,1DK,149000,suumo_soba,rent_listed,2026-09,2026-09-05
13104,新宿区,1K,124000,suumo_soba,rent_listed,2026-09,2026-09-05
13104,新宿区,1LDK,190000,suumo_soba,rent_listed,2026-09,2026-09-05
13104,新宿区,1R,121000,suumo_soba,rent_listed,2026-09,2026-09-05
13104,新宿区,2DK,186000,suumo_soba,rent_listed,2026-09,2026-09-05
13104,新宿区,2K,163000,suumo_soba,rent_listed,2026-09,2026-09-05
13104,新宿区,2LDK,273000,suumo_soba,rent_listed,2026-09,2026-09-05
13104,新宿区,3DK,273000,suumo_soba,rent_listed,2026-09,2026-09-05
13104,新宿区,3K,265000,suumo_soba,rent_listed,2026-09,2026-09-05
13104,新宿区,3LDK,481000,suumo_soba,rent_listed,2026-09,2026-09-05
13104,新宿区,4DK,345000,suumo_soba,rent_listed,2026-09,2026-09-05
13104,新宿区,4K,275000,suumo_soba,rent_listed,2026-09,2026-09-05
13105,文京区,1DK,139000,suumo_soba,rent_listed,2026-09,2026-09-05
13105,文京区,1K,124000,suumo_soba,rent_listed,2026-09,2026-09-05
13105,文京区,1LDK,187000,suumo_soba,rent_listed,2026-09,2026-09-05
13105,文京区,1R,116000,suumo_soba,rent_listed,2026-09,2026-09-05
13105,文京区,2DK,192000,suumo_soba,rent_listed,2026-09,2026-09-05
13105,文京区,2K,144000,suumo_soba,rent_listed,2026-09,2026-09-05
13105,文京区,2LDK,257000,suumo_soba,rent_listed,2026-09,2026-09-05
13105,文京区,3DK,253000,suumo_soba,rent_listed,2026-09,2026-09-05
13105,文京区,3K,193000,suumo_soba,rent_listed,2026-09,2026-09-05
13105,文京区,3LDK,408000,suumo_soba,rent_listed,2026-09,2026-09-05
13105,文京区,4DK,372000,suumo_soba,rent_listed,2026-09,2026-09-05
13105,文京区,4K,264000,suumo_soba,rent_listed,2026-09,2026-09-05
13106,台東区,1K,116000,suumo_soba,rent_listed,2026-09,2026-09-05
13106,台東区,1LDK,172000,suumo_soba,rent_listed,2026-09,2026-09-05
13106,台東区,1R,115000,suumo_soba,rent_listed,2026-09,2026-09-05
13106,台東区,2DK,200000,suumo_soba,rent_listed,2026-09,2026-09-05
13106,台東区,2K,126000,suumo_soba,rent_listed,2026-09,2026-09-05
13106,台東区,2LDK,228000,suumo_soba,rent_listed,2026-09,2026-09-05
13106,台東区,3DK,244000,suumo_soba,rent_listed,2026-09,2026-09-05
13106,台東区,3K,249000,suumo_soba,rent_listed,2026-09,2026-09-05
13106,台東区,3LDK,337000,suumo_soba,rent_listed,2026-09,2026-09-05
13106,台東区,4DK,432000,suumo_soba,rent_listed,2026-09,2026-09-05
13106,台東区,4K,255000,suumo_soba,rent_listed,2026-09,2026-09-05
13107,墨田区,1DK,119000,suumo_soba,rent_listed,2026-09,2026-09-05
13107,墨田区,1K,105000,suumo_soba,rent_listed,2026-09,2026-09-05
13107,墨田区,1LDK,163000,suumo_soba,rent_listed,2026-09,2026-09-05
13107,墨田区,1R,104000,suumo_soba,rent_listed,2026-09,2026-09-05
13107,墨田区,2DK,163000,suumo_soba,rent_listed,2026-09,2026-09-05
13107,墨田区,2K,123000,suumo_soba,rent_listed,2026-09,2026-09-05
13107,墨田区,2LDK,194000,suumo_soba,rent_listed,2026-09,2026-09-05
13107,墨田区,3DK,194000,suumo_soba,rent_listed,2026-09,2026-09-05
13107,墨田区,3K,164000,suumo_soba,rent_listed,2026-09,2026-09-05
13107,墨田区,3LDK,273000,suumo_soba,rent_listed,2026-09,2026-09-05
13107,墨田区,4DK,218000,suumo_soba,rent_listed,2026-09,2026-09-05
13107,墨田区,4K,200000,suumo_soba,rent_listed,2026-09,2026-09-05
13107,墨田区,4LDK,274000,suumo_soba,rent_listed,2026-09,2026-09-05
13107,墨田区,5K以上,195000,suumo_soba,rent_listed,2026-09,2026-09-05
13108,江東区,1DK,112000,suumo_soba,rent_listed,2026-09,2026-09-05
13108,江東区,1K,112000,suumo_soba,rent_listed,2026-09,2026-09-05
13108,江東区,1LDK,158000,suumo_soba,rent_listed,2026-09,2026-09-05
13108,江東区,1R,107000,suumo_soba,rent_listed,2026-09,2026-09-05
13108,江東区,2DK,178000,suumo_soba,rent_listed,2026-09,2026-09-05
13108,江東区,2LDK,236000,suumo_soba,rent_listed,2026-09,2026-09-05
13108,江東区,3DK,235000,suumo_soba,rent_listed,2026-09,2026-09-05
13108,江東区,3K,204000,suumo_soba,rent_listed,2026-09,2026-09-05
13108,江東区,4DK,261000,suumo_soba,rent_listed,2026-09,2026-09-05
13108,江東区,4K,241000,suumo_soba,rent_listed,2026-09,2026-09-05
13108,江東区,4LDK,382000,suumo_soba,rent_listed,2026-09,2026-09-05
13108,江東区,5K以上,249000,suumo_soba,rent_listed,2026-09,2026-09-05
13109,品川区,1DK,126000,suumo_soba,rent_listed,2026-09,2026-09-05
13109,品川区,1K,109000,suumo_soba,rent_listed,2026-09,2026-09-05
13109,品川区,1LDK,180000,suumo_soba,rent_listed,2026-09,2026-09-05
13109,品川区,1R,105000,suumo_soba,rent_listed,2026-09,2026-09-05
13109,品川区,2DK,206000,suumo_soba,rent_listed,2026-09,2026-09-05
13109,品川区,2K,127000,suumo_soba,rent_listed,2026-09,2026-09-05
13109,品川区,2LDK,284000,suumo_soba,rent_listed,2026-09,2026-09-05
13109,品川区,3DK,221000,suumo_soba,rent_listed,2026-09,2026-09-05
13109,品川区,3K,236000,suumo_soba,rent_listed,2026-09,2026-09-05
13109,品川区,3LDK,417000,suumo_soba,rent_listed,2026-09,2026-09-05
13109,品川区,4DK,363000,suumo_soba,rent_listed,2026-09,2026-09-05
13109,品川区,4K,299000,suumo_soba,rent_listed,2026-09,2026-09-05
13109,品川区,4LDK,566000,suumo_soba,rent_listed,2026-09,2026-09-05
13110,目黒区,1DK,148000,suumo_soba,rent_listed,2026-09,2026-09-05
13110,目黒区,1K,136000,suumo_soba,rent_listed,2026-09,2026-09-05
13110,目黒区,1LDK,200000,suumo_soba,rent_listed,2026-09,2026-09-05
13110,目黒区,1R,125000,suumo_soba,rent_listed,2026-09,2026-09-05
13110,目黒区,2DK,217000,suumo_soba,rent_listed,2026-09,2026-09-05
13110,目黒区,2LDK,274000,suumo_soba,rent_listed,2026-09,2026-09-05
13110,目黒区,3DK,279000,suumo_soba,rent_listed,2026-09,2026-09-05
13110,目黒区,3K,252000,suumo_soba,rent_listed,2026-09,2026-09-05
13110,目黒区,3LDK,489000,suumo_soba,rent_listed,2026-09,2026-09-05
13110,目黒区,4DK,353000,suumo_soba,rent_listed,2026-09,2026-09-05
13110,目黒区,4K,280000,suumo_soba,rent_listed,2026-09,2026-09-05
13110,目黒区,4LDK,661000,suumo_soba,rent_listed,2026-09,2026-09-05
13111,大田区,1DK,117000,suumo_soba,rent_listed,2026-09,2026-09-05
13111,大田区,1K,99000,suumo_soba,rent_listed,2026-09,2026-09-05
13111,大田区,1LDK,153000,suumo_soba,rent_listed,2026-09,2026-09-05
13111,大田区,1R,90000,suumo_soba,rent_listed,2026-09,2026-09-05
13111,大田区,2DK,163000,suumo_soba,rent_listed,2026-09,2026-09-05
13111,大田区,2LDK,197000,suumo_soba,rent_listed,2026-09,2026-09-05
13111,大田区,3DK,235000,suumo_soba,rent_listed,2026-09,2026-09-05
13111,大田区,3K,234000,suumo_soba,rent_listed,2026-09,2026-09-05
13111,大田区,3LDK,274000,suumo_soba,rent_listed,2026-09,2026-09-05
13111,大田区,4DK,303000,suumo_soba,rent_listed,2026-09,2026-09-05
13111,大田区,4K,235000,suumo_soba,rent_listed,2026-09,2026-09-05
13111,大田区,4LDK,377000,suumo_soba,rent_listed,2026-09,2026-09-05
13112,世田谷区,1DK,129000,suumo_soba,rent_listed,2026-09,2026-09-05
13112,世田谷区,1K,112000,suumo_soba,rent_listed,2026-09,2026-09-05
13112,世田谷区,1LDK,172000,suumo_soba,rent_listed,2026-09,2026-09-05
13112,世田谷区,1R,108000,suumo_soba,rent_listed,2026-09,2026-09-05
13112,世田谷区,2DK,208000,suumo_soba,rent_listed,2026-09,2026-09-05
13112,世田谷区,2K,155000,suumo_soba,rent_listed,2026-09,2026-09-05
13112,世田谷区,2LDK,238000,suumo_soba,rent_listed,2026-09,2026-09-05
13112,世田谷区,3DK,248000,suumo_soba,rent_listed,2026-09,2026-09-05
13112,世田谷区,3K,224000,suumo_soba,rent_listed,2026-09,2026-09-05
13112,世田谷区,3LDK,320000,suumo_soba,rent_listed,2026-09,2026-09-05
13112,世田谷区,4DK,337000,suumo_soba,rent_listed,2026-09,2026-09-05
13112,世田谷区,4K,249000,suumo_soba,rent_listed,2026-09,2026-09-05
13112,世田谷区,4LDK,386000,suumo_soba,rent_listed,2026-09,2026-09-05
13113,渋谷区,1DK,164000,suumo_soba,rent_listed,2026-09,2026-09-05
13113,渋谷区,1K,127000,suumo_soba,rent_listed,2026-09,2026-09-05
13113,渋谷区,1LDK,216000,suumo_soba,rent_listed,2026-09,2026-09-05
13113,渋谷区,1R,124000,suumo_soba,rent_listed,2026-09,2026-09-05
13113,渋谷区,2DK,216000,suumo_soba,rent_listed,2026-09,2026-09-05
13113,渋谷区,2K,165000,suumo_soba,rent_listed,2026-09,2026-09-05
13113,渋谷区,2LDK,379000,suumo_soba,rent_listed,2026-09,2026-09-05
13113,渋谷区,3DK,332000,suumo_soba,rent_listed,2026-09,2026-09-05
13113,渋谷区,3K,341000,suumo_soba,rent_listed,2026-09,2026-09-05
13113,渋谷区,3LDK,775000,suumo_soba,rent_listed,2026-09,2026-09-05
13114,中野区,1DK,124000,suumo_soba,rent_listed,2026-09,2026-09-05
13114,中野区,1K,113000,suumo_soba,rent_listed,2026-09,2026-09-05
13114,中野区,1LDK,168000,suumo_soba,rent_listed,2026-09,2026-09-05
13114,中野区,1R,101000,suumo_soba,rent_listed,2026-09,2026-09-05
13114,中野区,2DK,195000,suumo_soba,rent_listed,2026-09,2026-09-05
13114,中野区,2K,125000,suumo_soba,rent_listed,2026-09,2026-09-05
13114,中野区,2LDK,234000,suumo_soba,rent_listed,2026-09,2026-09-05
13114,中野区,3DK,197000,suumo_soba,rent_listed,2026-09,2026-09-05
13114,中野区,3K,238000,suumo_soba,rent_listed,2026-09,2026-09-05
13114,中野区,3LDK,349000,suumo_soba,rent_listed,2026-09,2026-09-05
13114,中野区,4DK,253000,suumo_soba,rent_listed,2026-09,2026-09-05
13114,中野区,4K,268000,suumo_soba,rent_listed,2026-09,2026-09-05
13114,中野区,5K以上,258000,suumo_soba,rent_listed,2026-09,2026-09-05
13115,杉並区,1DK,120000,suumo_soba,rent_listed,2026-09,2026-09-05
13115,杉並区,1K,107000,suumo_soba,rent_listed,2026-09,2026-09-05
13115,杉並区,1LDK,163000,suumo_soba,rent_listed,2026-09,2026-09-05
13115,杉並区,1R,100000,suumo_soba,rent_listed,2026-09,2026-09-05
13115,杉並区,2DK,179000,suumo_soba,rent_listed,2026-09,2026-09-05
13115,杉並区,2K,146000,suumo_soba,rent_listed,2026-09,2026-09-05
13115,杉並区,2LDK,210000,suumo_soba,rent_listed,2026-09,2026-09-05
13115,杉並区,3DK,229000,suumo_soba,rent_listed,2026-09,2026-09-05
13115,杉並区,3K,227000,suumo_soba,rent_listed,2026-09,2026-09-05
13115,杉並区,3LDK,284000,suumo_soba,rent_listed,2026-09,2026-09-05
13115,杉並区,4DK,416000,suumo_soba,rent_listed,2026-09,2026-09-05
13115,杉並区,4K,231000,suumo_soba,rent_listed,2026-09,2026-09-05
13115,杉並区,4LDK,362000,suumo_soba,rent_listed,2026-09,2026-09-05
13115,杉並区,5K以上,405000,suumo_soba,rent_listed,2026-09,2026-09-05
13116,豊島区,1DK,128000,suumo_soba,rent_listed,2026-09,2026-09-05
13116,豊島区,1K,117000,suumo_soba,rent_listed,2026-09,2026-09-05
13116,豊島区,1LDK,161000,suumo_soba,rent_listed,2026-09,2026-09-05
13116,豊島区,1R,107000,suumo_soba,rent_listed,2026-09,2026-09-05
13116,豊島区,2DK,183000,suumo_soba,rent_listed,2026-09,2026-09-05
13116,豊島区,2K,129000,suumo_soba,rent_listed,2026-09,2026-09-05
13116,豊島区,2LDK,225000,suumo_soba,rent_listed,2026-09,2026-09-05
13116,豊島区,3DK,225000,suumo_soba,rent_listed,2026-09,2026-09-05
13116,豊島区,3K,185000,suumo_soba,rent_listed,2026-09,2026-09-05
13116,豊島区,3LDK,325000,suumo_soba,rent_listed,2026-09,2026-09-05
13116,豊島区,4DK,304000,suumo_soba,rent_listed,2026-09,2026-09-05
13116,豊島区,4K,229000,suumo_soba,rent_listed,2026-09,2026-09-05
13116,豊島区,4LDK,452000,suumo_soba,rent_listed,2026-09,2026-09-05
13116,豊島区,5K以上,233000,suumo_soba,rent_listed,2026-09,2026-09-05
13117,北区,1DK,112000,suumo_soba,rent_listed,2026-09,2026-09-05
13117,北区,1K,99000,suumo_soba,rent_listed,2026-09,2026-09-05
13117,北区,1LDK,149000,suumo_soba,rent_listed,2026-09,2026-09-05
13117,北区,1R,95000,suumo_soba,rent_listed,2026-09,2026-09-05
13117,北区,2DK,169000,suumo_soba,rent_listed,2026-09,2026-09-05
13117,北区,2LDK,212000,suumo_soba,rent_listed,2026-09,2026-09-05
13117,北区,3DK,196000,suumo_soba,rent_listed,2026-09,2026-09-05
13117,北区,3K,197000,suumo_soba,rent_listed,2026-09,2026-09-05
13117,北区,3LDK,296000,suumo_soba,rent_listed,2026-09,2026-09-05
13117,北区,4DK,240000,suumo_soba,rent_listed,2026-09,2026-09-05
13117,北区,4K,213000,suumo_soba,rent_listed,2026-09,2026-09-05
13117,北区,5K以上,288000,suumo_soba,rent_listed,2026-09,2026-09-05
13118,荒川区,1DK,124000,suumo_soba,rent_listed,2026-09,2026-09-05
13118,荒川区,1K,91000,suumo_soba,rent_listed,2026-09,2026-09-05
13118,荒川区,1LDK,144000,suumo_soba,rent_listed,2026-09,2026-09-05
13118,荒川区,1R,87000,suumo_soba,rent_listed,2026-09,2026-09-05
13118,荒川区,2DK,177000,suumo_soba,rent_listed,2026-09,2026-09-05
13118,荒川区,2K,131000,suumo_soba,rent_listed,2026-09,2026-09-05
13118,荒川区,2LDK,214000,suumo_soba,rent_listed,2026-09,2026-09-05
13118,荒川区,3DK,181000,suumo_soba,rent_listed,2026-09,2026-09-05
13118,荒川区,3K,214000,suumo_soba,rent_listed,2026-09,2026-09-05
13118,荒川区,3LDK,245000,suumo_soba,rent_listed,2026-09,2026-09-05
13118,荒川区,4DK,253000,suumo_soba,rent_listed,2026-09,2026-09-05
13118,荒川区,4K,215000,suumo_soba,rent_listed,2026-09,2026-09-05
13118,荒川区,4LDK,345000,suumo_soba,rent_listed,2026-09,2026-09-05
13118,荒川区,5K以上,294000,suumo_soba,rent_listed,2026-09,2026-09-05
13119,板橋区,1DK,111000,suumo_soba,rent_listed,2026-09,2026-09-05
13119,板橋区,1K,90000,suumo_soba,rent_listed,2026-09,2026-09-05
13119,板橋区,1LDK,137000,suumo_soba,rent_listed,2026-09,2026-09-05
13119,板橋区,1R,88000,suumo_soba,rent_listed,2026-09,2026-09-05
13119,板橋区,2DK,137000,suumo_soba,rent_listed,2026-09,2026-09-05
13119,板橋区,2K,116000,suumo_soba,rent_listed,2026-09,2026-09-05
13119,板橋区,2LDK,177000,suumo_soba,rent_listed,2026-09,2026-09-05
13119,板橋区,3K,138000,suumo_soba,rent_listed,2026-09,2026-09-05
13119,板橋区,4DK,256000,suumo_soba,rent_listed,2026-09,2026-09-05
13119,板橋区,4K,178000,suumo_soba,rent_listed,2026-09,2026-09-05
13119,板橋区,4LDK,294000,suumo_soba,rent_listed,2026-09,2026-09-05
13119,板橋区,5K以上,201000,suumo_soba,rent_listed,2026-09,2026-09-05
13120,練馬区,1DK,110000,suumo_soba,rent_listed,2026-09,2026-09-05
13120,練馬区,1K,89000,suumo_soba,rent_listed,2026-09,2026-09-05
13120,練馬区,1LDK,136000,suumo_soba,rent_listed,2026-09,2026-09-05
13120,練馬区,1R,87000,suumo_soba,rent_listed,2026-09,2026-09-05
13120,練馬区,2DK,157000,suumo_soba,rent_listed,2026-09,2026-09-05
13120,練馬区,2K,126000,suumo_soba,rent_listed,2026-09,2026-09-05
13120,練馬区,2LDK,177000,suumo_soba,rent_listed,2026-09,2026-09-05
13120,練馬区,3DK,158000,suumo_soba,rent_listed,2026-09,2026-09-05
13120,練馬区,3K,177000,suumo_soba,rent_listed,2026-09,2026-09-05
13120,練馬区,3LDK,241000,suumo_soba,rent_listed,2026-09,2026-09-05
13120,練馬区,4DK,292000,suumo_soba,rent_listed,2026-09,2026-09-05
13120,練馬区,4K,179000,suumo_soba,rent_listed,2026-09,2026-09-05
13120,練馬区,4LDK,329000,suumo_soba,rent_listed,2026-09,2026-09-05
13120,練馬区,5K以上,410000,suumo_soba,rent_listed,2026-09,2026-09-05
13121,足立区,1DK,92000,suumo_soba,rent_listed,2026-09,2026-09-05
13121,足立区,1K,85000,suumo_soba,rent_listed,2026-09,2026-09-05
13121,足立区,1LDK,129000,suumo_soba,rent_listed,2026-09,2026-09-05
13121,足立区,1R,77000,suumo_soba,rent_listed,2026-09,2026-09-05
13121,足立区,2DK,130000,suumo_soba,rent_listed,2026-09,2026-09-05
13121,足立区,2K,103000,suumo_soba,rent_listed,2026-09,2026-09-05
13121,足立区,2LDK,159000,suumo_soba,rent_listed,2026-09,2026-09-05
13121,足立区,3DK,161000,suumo_soba,rent_listed,2026-09,2026-09-05
13121,足立区,3K,133000,suumo_soba,rent_listed,2026-09,2026-09-05
13121,足立区,3LDK,199000,suumo_soba,rent_listed,2026-09,2026-09-05
13121,足立区,4DK,186000,suumo_soba,rent_listed,2026-09,2026-09-05
13121,足立区,4K,162000,suumo_soba,rent_listed,2026-09,2026-09-05
13121,足立区,4LDK,300000,suumo_soba,rent_listed,2026-09,2026-09-05
13121,足立区,5K以上,189000,suumo_soba,rent_listed,2026-09,2026-09-05
13122,葛飾区,1DK,97000,suumo_soba,rent_listed,2026-09,2026-09-05
13122,葛飾区,1K,83000,suumo_soba,rent_listed,2026-09,2026-09-05
13122,葛飾区,1LDK,124000,suumo_soba,rent_listed,2026-09,2026-09-05
13122,葛飾区,1R,73000,suumo_soba,rent_listed,2026-09,2026-09-05
13122,葛飾区,2K,99000,suumo_soba,rent_listed,2026-09,2026-09-05
13122,葛飾区,2LDK,153000,suumo_soba,rent_listed,2026-09,2026-09-05
13122,葛飾区,3DK,135000,suumo_soba,rent_listed,2026-09,2026-09-05
13122,葛飾区,3K,141000,suumo_soba,rent_listed,2026-09,2026-09-05
13122,葛飾区,3LDK,210000,suumo_soba,rent_listed,2026-09,2026-09-05
13122,葛飾区,4DK,228000,suumo_soba,rent_listed,2026-09,2026-09-05
13122,葛飾区,4K,160000,suumo_soba,rent_listed,2026-09,2026-09-05
13122,葛飾区,4LDK,251000,suumo_soba,rent_listed,2026-09,2026-09-05
13122,葛飾区,5K以上,203000,suumo_soba,rent_listed,2026-09,2026-09-05
13123,江戸川区,1DK,98000,suumo_soba,rent_listed,2026-09,2026-09-05
13123,江戸川区,1K,93000,suumo_soba,rent_listed,2026-09,2026-09-05
13123,江戸川区,1LDK,136000,suumo_soba,rent_listed,2026-09,2026-09-05
13123,江戸川区,1R,92000,suumo_soba,rent_listed,2026-09,2026-09-05
13123,江戸川区,2K,98000,suumo_soba,rent_listed,2026-09,2026-09-05
13123,江戸川区,2LDK,172000,suumo_soba,rent_listed,2026-09,2026-09-05
13123,江戸川区,3DK,172000,suumo_soba,rent_listed,2026-09,2026-09-05
13123,江戸川区,3K,166000,suumo_soba,rent_listed,2026-09,2026-09-05
13123,江戸川区,3LDK,246000,suumo_soba,rent_listed,2026-09,2026-09-05
13123,江戸川区,4DK,178000,suumo_soba,rent_listed,2026-09,2026-09-05
13123,江戸川区,4K,173000,suumo_soba,rent_listed,2026-09,2026-09-05
13123,江戸川区,4LDK,264000,suumo_soba,rent_listed,2026-09,2026-09-05
13123,江戸川区,5K以上,242000,suumo_soba,rent_listed,2026-09,2026-09-05
13203,武蔵野市,1DK,131000,suumo_soba,rent_listed,2026-09,2026-09-05
13203,武蔵野市,1K,103000,suumo_soba,rent_listed,2026-09,2026-09-05
13203,武蔵野市,1LDK,164000,suumo_soba,rent_listed,2026-09,2026-09-05
13203,武蔵野市,1R,98000,suumo_soba,rent_listed,2026-09,2026-09-05
13203,武蔵野市,2K,204000,suumo_soba,rent_listed,2026-09,2026-09-05
13203,武蔵野市,2LDK,215000,suumo_soba,rent_listed,2026-09,2026-09-05
13203,武蔵野市,3DK,215000,suumo_soba,rent_listed,2026-09,2026-09-05
13203,武蔵野市,3K,209000,suumo_soba,rent_listed,2026-09,2026-09-05
13203,武蔵野市,3LDK,277000,suumo_soba,rent_listed,2026-09,2026-09-05
13203,武蔵野市,4DK,298000,suumo_soba,rent_listed,2026-09,2026-09-05
13203,武蔵野市,4K,216000,suumo_soba,rent_listed,2026-09,2026-09-05
13203,武蔵野市,4LDK,355000,suumo_soba,rent_listed,2026-09,2026-09-05
13203,武蔵野市,5K以上,307000,suumo_soba,rent_listed,2026-09,2026-09-05
13204,三鷹市,1DK,128000,suumo_soba,rent_listed,2026-09,2026-09-05
13204,三鷹市,1K,108000,suumo_soba,rent_listed,2026-09,2026-09-05
13204,三鷹市,1R,107000,suumo_soba,rent_listed,2026-09,2026-09-05
13204,三鷹市,2DK,198000,suumo_soba,rent_listed,2026-09,2026-09-05
13204,三鷹市,2K,141000,suumo_soba,rent_listed,2026-09,2026-09-05
13204,三鷹市,2LDK,235000,suumo_soba,rent_listed,2026-09,2026-09-05
13204,三鷹市,3K,228000,suumo_soba,rent_listed,2026-09,2026-09-05
13204,三鷹市,3LDK,264000,suumo_soba,rent_listed,2026-09,2026-09-05
13204,三鷹市,4DK,384000,suumo_soba,rent_listed,2026-09,2026-09-05
13204,三鷹市,4K,238000,suumo_soba,rent_listed,2026-09,2026-09-05
13204,三鷹市,4LDK,308000,suumo_soba,rent_listed,2026-09,2026-09-05
13204,三鷹市,5K以上,411000,suumo_soba,rent_listed,2026-09,2026-09-05
13206,府中市,1DK,102000,suumo_soba,rent_listed,2026-09,2026-09-05
13206,府中市,1K,84000,suumo_soba,rent_listed,2026-09,2026-09-05
13206,府中市,1LDK,135000,suumo_soba,rent_listed,2026-09,2026-09-05
13206,府中市,1R,83000,suumo_soba,rent_listed,2026-09,2026-09-05
13206,府中市,2DK,150000,suumo_soba,rent_listed,2026-09,2026-09-05
13206,府中市,2LDK,171000,suumo_soba,rent_listed,2026-09,2026-09-05
13206,府中市,3K,176000,suumo_soba,rent_listed,2026-09,2026-09-05
13206,府中市,3LDK,245000,suumo_soba,rent_listed,2026-09,2026-09-05
13206,府中市,4DK,256000,suumo_soba,rent_listed,2026-09,2026-09-05
13206,府中市,4K,180000,suumo_soba,rent_listed,2026-09,2026-09-05
13206,府中市,5K以上,342000,suumo_soba,rent_listed,2026-09,2026-09-05
13208,調布市,1DK,101000,suumo_soba,rent_listed,2026-09,2026-09-05
13208,調布市,1K,101000,suumo_soba,rent_listed,2026-09,2026-09-05
13208,調布市,1LDK,131000,suumo_soba,rent_listed,2026-09,2026-09-05
13208,調布市,1R,87000,suumo_soba,rent_listed,2026-09,2026-09-05
13208,調布市,2DK,147000,suumo_soba,rent_listed,2026-09,2026-09-05
13208,調布市,2K,102000,suumo_soba,rent_listed,2026-09,2026-09-05
13208,調布市,2LDK,169000,suumo_soba,rent_listed,2026-09,2026-09-05
13208,調布市,3DK,165000,suumo_soba,rent_listed,2026-09,2026-09-05
13208,調布市,3K,170000,suumo_soba,rent_listed,2026-09,2026-09-05
13208,調布市,3LDK,203000,suumo_soba,rent_listed,2026-09,2026-09-05
13208,調布市,4DK,200000,suumo_soba,rent_listed,2026-09,2026-09-05
13208,調布市,4K,172000,suumo_soba,rent_listed,2026-09,2026-09-05
13208,調布市,4LDK,276000,suumo_soba,rent_listed,2026-09,2026-09-05
13208,調布市,5K以上,220000,suumo_soba,rent_listed,2026-09,2026-09-05
13210,小金井市,1DK,116000,suumo_soba,rent_listed,2026-09,2026-09-05
13210,小金井市,1K,105000,suumo_soba,rent_listed,2026-09,2026-09-05
13210,小金井市,1LDK,137000,suumo_soba,rent_listed,2026-09,2026-09-05
13210,小金井市,1R,87000,suumo_soba,rent_listed,2026-09,2026-09-05
13210,小金井市,2K,117000,suumo_soba,rent_listed,2026-09,2026-09-05
13210,小金井市,2LDK,192000,suumo_soba,rent_listed,2026-09,2026-09-05
13210,小金井市,3DK,188000,suumo_soba,rent_listed,2026-09,2026-09-05
13210,小金井市,3K,188000,suumo_soba,rent_listed,2026-09,2026-09-05
13210,小金井市,3LDK,287000,suumo_soba,rent_listed,2026-09,2026-09-05
13210,小金井市,4DK,293000,suumo_soba,rent_listed,2026-09,2026-09-05
13210,小金井市,4K,193000,suumo_soba,rent_listed,2026-09,2026-09-05
13210,小金井市,4LDK,307000,suumo_soba,rent_listed,2026-09,2026-09-05
13210,小金井市,5K以上,293000,suumo_soba,rent_listed,2026-09,2026-09-05
13211,小平市,1DK,99000,suumo_soba,rent_listed,2026-09,2026-09-05
13211,小平市,1K,83000,suumo_soba,rent_listed,2026-09,2026-09-05
13211,小平市,1LDK,120000,suumo_soba,rent_listed,2026-09,2026-09-05
13211,小平市,1R,82000,suumo_soba,rent_listed,2026-09,2026-09-05
13211,小平市,2K,100000,suumo_soba,rent_listed,2026-09,2026-09-05
13211,小平市,3DK,141000,suumo_soba,rent_listed,2026-09,2026-09-05
13211,小平市,3K,124000,suumo_soba,rent_listed,2026-09,2026-09-05
13211,小平市,4DK,166000,suumo_soba,rent_listed,2026-09,2026-09-05
13211,小平市,4K,142000,suumo_soba,rent_listed,2026-09,2026-09-05
13211,小平市,4LDK,229000,suumo_soba,rent_listed,2026-09,2026-09-05
13211,小平市,5K以上,197000,suumo_soba,rent_listed,2026-09,2026-09-05
13214,国分寺市,1DK,99000,suumo_soba,rent_listed,2026-09,2026-09-05
13214,国分寺市,1K,96000,suumo_soba,rent_listed,2026-09,2026-09-05
13214,国分寺市,1LDK,138000,suumo_soba,rent_listed,2026-09,2026-09-05
13214,国分寺市,1R,95000,suumo_soba,rent_listed,2026-09,2026-09-05
13214,国分寺市,2DK,147000,suumo_soba,rent_listed,2026-09,2026-09-05
13214,国分寺市,2K,107000,suumo_soba,rent_listed,2026-09,2026-09-05
13214,国分寺市,2LDK,176000,suumo_soba,rent_listed,2026-09,2026-09-05
13214,国分寺市,3DK,163000,suumo_soba,rent_listed,2026-09,2026-09-05
13214,国分寺市,3K,158000,suumo_soba,rent_listed,2026-09,2026-09-05
13214,国分寺市,3LDK,241000,suumo_soba,rent_listed,2026-09,2026-09-05
13214,国分寺市,4DK,243000,suumo_soba,rent_listed,2026-09,2026-09-05
13214,国分寺市,4K,178000,suumo_soba,rent_listed,2026-09,2026-09-05
13214,国分寺市,5K以上,301000,suumo_soba,rent_listed,2026-09,2026-09-05
13219,狛江市,1DK,94000,suumo_soba,rent_listed,2026-09,2026-09-05
13219,狛江市,1K,88000,suumo_soba,rent_listed,2026-09,2026-09-05
13219,狛江市,1LDK,134000,suumo_soba,rent_listed,2026-09,2026-09-05
13219,狛江市,1R,85000,suumo_soba,rent_listed,2026-09,2026-09-05
13219,狛江市,2K,118000,suumo_soba,rent_listed,2026-09,2026-09-05
13219,狛江市,2LDK,169000,suumo_soba,rent_listed,2026-09,2026-09-05
13219,狛江市,3DK,162000,suumo_soba,rent_listed,2026-09,2026-09-05
13219,狛江市,3K,163000,suumo_soba,rent_listed,2026-09,2026-09-05
13219,狛江市,3LDK,251000,suumo_soba,rent_listed,2026-09,2026-09-05
13219,狛江市,4DK,211000,suumo_soba,rent_listed,2026-09,2026-09-05
13219,狛江市,4K,170000,suumo_soba,rent_listed,2026-09,2026-09-05
13219,狛江市,4LDK,279000,suumo_soba,rent_listed,2026-09,2026-09-05
13219,狛江市,5K以上,281000,suumo_soba,rent_listed,2026-09,2026-09-05
13222,東久留米市,1LDK,118000,suumo_soba,rent_listed,2026-09,2026-09-05
13222,東久留米市,2DK,106000,suumo_soba,rent_listed,2026-09,2026-09-05
13222,東久留米市,2K,116000,suumo_soba,rent_listed,2026-09,2026-09-05
13222,東久留米市,2LDK,145000,suumo_soba,rent_listed,2026-09,2026-09-05
13222,東久留米市,3DK,151000,suumo_soba,rent_listed,2026-09,2026-09-05
13222,東久留米市,3K,125000,suumo_soba,rent_listed,2026-09,2026-09-05
13222,東久留米市,3LDK,189000,suumo_soba,rent_listed,2026-09,2026-09-05
13222,東久留米市,4DK,201000,suumo_soba,rent_listed,2026-09,2026-09-05
13222,東久留米市,4K,152000,suumo_soba,rent_listed,2026-09,2026-09-05
13222,東久留米市,4LDK,301000,suumo_soba,rent_listed,2026-09,2026-09-05
13222,東久留米市,5K以上,252000,suumo_soba,rent_listed,2026-09,2026-09-05
13225,稲城市,1DK,86000,suumo_soba,rent_listed,2026-09,2026-09-05
13225,稲城市,1K,81000,suumo_soba,rent_listed,2026-09,2026-09-05
13225,稲城市,1LDK,112000,suumo_soba,rent_listed,2026-09,2026-09-05
13225,稲城市,1R,79000,suumo_soba,rent_listed,2026-09,2026-09-05
13225,稲城市,2K,95000,suumo_soba,rent_listed,2026-09,2026-09-05
13225,稲城市,2LDK,149000,suumo_soba,rent_listed,2026-09,2026-09-05
13225,稲城市,3DK,149000,suumo_soba,rent_listed,2026-09,2026-09-05
13225,稲城市,3K,113000,suumo_soba,rent_listed,2026-09,2026-09-05
13225,稲城市,3LDK,178000,suumo_soba,rent_listed,2026-09,2026-09-05
13225,稲城市,4DK,157000,suumo_soba,rent_listed,2026-09,2026-09-05
13225,稲城市,4K,150000,suumo_soba,rent_listed,2026-09,2026-09-05
13225,稲城市,4LDK,220000,suumo_soba,rent_listed,2026-09,2026-09-05
13225,稲城市,5K以上,173000,suumo_soba,rent_listed,2026-09,2026-09-05
13229,西東京市,1DK,92000,suumo_soba,rent_listed,2026-09,2026-09-05
13229,西東京市,1K,85000,suumo_soba,rent_listed,2026-09,2026-09-05
13229,西東京市,1LDK,113000,suumo_soba,rent_listed,2026-09,2026-09-05
13229,西東京市,1R,84000,suumo_soba,rent_listed,2026-09,2026-09-05
13229,西東京市,2DK,133000,suumo_soba,rent_listed,2026-09,2026-09-05
13229,西東京市,2K,101000,suumo_soba,rent_listed,2026-09,2026-09-05
13229,西東京市,2LDK,158000,suumo_soba,rent_listed,2026-09,2026-09-05
13229,西東京市,3DK,166000,suumo_soba,rent_listed,2026-09,2026-09-05
13229,西東京市,3K,140000,suumo_soba,rent_listed,2026-09,2026-09-05
13229,西東京市,4DK,187000,suumo_soba,rent_listed,2026-09,2026-09-05
13229,西東京市,4K,193000,suumo_soba,rent_listed,2026-09,2026-09-05
13229,西東京市,5K以上,197000,suumo_soba,rent_listed,2026-09,2026-09-05
14101,横浜市鶴見区,1DK,111000,suumo_soba,rent_listed,2026-09,2026-09-05
14101,横浜市鶴見区,1K,86000,suumo_soba,rent_listed,2026-09,2026-09-05
14101,横浜市鶴見区,1LDK,129000,suumo_soba,rent_listed,2026-09,2026-09-05
14101,横浜市鶴見区,1R,84000,suumo_soba,rent_listed,2026-09,2026-09-05
14101,横浜市鶴見区,2DK,142000,suumo_soba,rent_listed,2026-09,2026-09-05
14101,横浜市鶴見区,2K,118000,suumo_soba,rent_listed,2026-09,2026-09-05
14101,横浜市鶴見区,2LDK,172000,suumo_soba,rent_listed,2026-09,2026-09-05
14101,横浜市鶴見区,3DK,172000,suumo_soba,rent_listed,2026-09,2026-09-05
14101,横浜市鶴見区,3K,156000,suumo_soba,rent_listed,2026-09,2026-09-05
14101,横浜市鶴見区,4DK,249000,suumo_soba,rent_listed,2026-09,2026-09-05
14101,横浜市鶴見区,4K,173000,suumo_soba,rent_listed,2026-09,2026-09-05
14101,横浜市鶴見区,4LDK,241000,suumo_soba,rent_listed,2026-09,2026-09-05
14101,横浜市鶴見区,5K以上,215000,suumo_soba,rent_listed,2026-09,2026-09-05
14102,横浜市神奈川区,1DK,111000,suumo_soba,rent_listed,2026-09,2026-09-05
14102,横浜市神奈川区,1K,83000,suumo_soba,rent_listed,2026-09,2026-09-05
14102,横浜市神奈川区,1LDK,143000,suumo_soba,rent_listed,2026-09,2026-09-05
14102,横浜市神奈川区,1R,81000,suumo_soba,rent_listed,2026-09,2026-09-05
14102,横浜市神奈川区,2DK,152000,suumo_soba,rent_listed,2026-09,2026-09-05
14102,横浜市神奈川区,2K,129000,suumo_soba,rent_listed,2026-09,2026-09-05
14102,横浜市神奈川区,2LDK,200000,suumo_soba,rent_listed,2026-09,2026-09-05
14102,横浜市神奈川区,3DK,169000,suumo_soba,rent_listed,2026-09,2026-09-05
14102,横浜市神奈川区,3K,199000,suumo_soba,rent_listed,2026-09,2026-09-05
14102,横浜市神奈川区,3LDK,279000,suumo_soba,rent_listed,2026-09,2026-09-05
14102,横浜市神奈川区,4DK,267000,suumo_soba,rent_listed,2026-09,2026-09-05
14102,横浜市神奈川区,4K,201000,suumo_soba,rent_listed,2026-09,2026-09-05
14102,横浜市神奈川区,4LDK,299000,suumo_soba,rent_listed,2026-09,2026-09-05
14102,横浜市神奈川区,5K以上,254000,suumo_soba,rent_listed,2026-09,2026-09-05
14103,横浜市西区,1DK,112000,suumo_soba,rent_listed,2026-09,2026-09-05
14103,横浜市西区,1K,87000,suumo_soba,rent_listed,2026-09,2026-09-05
14103,横浜市西区,1LDK,153000,suumo_soba,rent_listed,2026-09,2026-09-05
14103,横浜市西区,2DK,154000,suumo_soba,rent_listed,2026-09,2026-09-05
14103,横浜市西区,2K,113000,suumo_soba,rent_listed,2026-09,2026-09-05
14103,横浜市西区,3DK,163000,suumo_soba,rent_listed,2026-09,2026-09-05
14103,横浜市西区,3K,158000,suumo_soba,rent_listed,2026-09,2026-09-05
14103,横浜市西区,3LDK,268000,suumo_soba,rent_listed,2026-09,2026-09-05
14103,横浜市西区,4DK,238000,suumo_soba,rent_listed,2026-09,2026-09-05
14103,横浜市西区,4K,198000,suumo_soba,rent_listed,2026-09,2026-09-05
14103,横浜市西区,4LDK,430000,suumo_soba,rent_listed,2026-09,2026-09-05
14103,横浜市西区,5K以上,203000,suumo_soba,rent_listed,2026-09,2026-09-05
14104,横浜市中区,1K,83000,suumo_soba,rent_listed,2026-09,2026-09-05
14104,横浜市中区,1LDK,139000,suumo_soba,rent_listed,2026-09,2026-09-05
14104,横浜市中区,1R,82000,suumo_soba,rent_listed,2026-09,2026-09-05
14104,横浜市中区,2DK,156000,suumo_soba,rent_listed,2026-09,2026-09-05
14104,横浜市中区,2K,141000,suumo_soba,rent_listed,2026-09,2026-09-05
14104,横浜市中区,2LDK,192000,suumo_soba,rent_listed,2026-09,2026-09-05
14104,横浜市中区,3DK,168000,suumo_soba,rent_listed,2026-09,2026-09-05
14104,横浜市中区,3K,172000,suumo_soba,rent_listed,2026-09,2026-09-05
14104,横浜市中区,3LDK,385000,suumo_soba,rent_listed,2026-09,2026-09-05
14104,横浜市中区,4DK,234000,suumo_soba,rent_listed,2026-09,2026-09-05
14104,横浜市中区,4K,193000,suumo_soba,rent_listed,2026-09,2026-09-05
14104,横浜市中区,5K以上,273000,suumo_soba,rent_listed,2026-09,2026-09-05
14105,横浜市南区,1DK,90000,suumo_soba,rent_listed,2026-09,2026-09-05
14105,横浜市南区,1K,80000,suumo_soba,rent_listed,2026-09,2026-09-05
14105,横浜市南区,1LDK,124000,suumo_soba,rent_listed,2026-09,2026-09-05
14105,横浜市南区,1R,76000,suumo_soba,rent_listed,2026-09,2026-09-05
14105,横浜市南区,2DK,124000,suumo_soba,rent_listed,2026-09,2026-09-05
14105,横浜市南区,2K,91000,suumo_soba,rent_listed,2026-09,2026-09-05
14105,横浜市南区,2LDK,173000,suumo_soba,rent_listed,2026-09,2026-09-05
14105,横浜市南区,3DK,161000,suumo_soba,rent_listed,2026-09,2026-09-05
14105,横浜市南区,3K,171000,suumo_soba,rent_listed,2026-09,2026-09-05
14105,横浜市南区,3LDK,224000,suumo_soba,rent_listed,2026-09,2026-09-05
14105,横浜市南区,4DK,245000,suumo_soba,rent_listed,2026-09,2026-09-05
14105,横浜市南区,4K,174000,suumo_soba,rent_listed,2026-09,2026-09-05
14105,横浜市南区,5K以上,257000,suumo_soba,rent_listed,2026-09,2026-09-05
14106,横浜市保土ケ谷区,1DK,111000,suumo_soba,rent_listed,2026-09,2026-09-05
14106,横浜市保土ケ谷区,1K,83000,suumo_soba,rent_listed,2026-09,2026-09-05
14106,横浜市保土ケ谷区,1LDK,130000,suumo_soba,rent_listed,2026-09,2026-09-05
14106,横浜市保土ケ谷区,1R,82000,suumo_soba,rent_listed,2026-09,2026-09-05
14106,横浜市保土ケ谷区,2K,113000,suumo_soba,rent_listed,2026-09,2026-09-05
14106,横浜市保土ケ谷区,2LDK,160000,suumo_soba,rent_listed,2026-09,2026-09-05
14106,横浜市保土ケ谷区,3DK,160000,suumo_soba,rent_listed,2026-09,2026-09-05
14106,横浜市保土ケ谷区,3K,131000,suumo_soba,rent_listed,2026-09,2026-09-05
14106,横浜市保土ケ谷区,3LDK,185000,suumo_soba,rent_listed,2026-09,2026-09-05
14106,横浜市保土ケ谷区,4DK,172000,suumo_soba,rent_listed,2026-09,2026-09-05
14106,横浜市保土ケ谷区,4K,161000,suumo_soba,rent_listed,2026-09,2026-09-05
14106,横浜市保土ケ谷区,5K以上,237000,suumo_soba,rent_listed,2026-09,2026-09-05
14109,横浜市港北区,1DK,108000,suumo_soba,rent_listed,2026-09,2026-09-05
14109,横浜市港北区,1K,88000,suumo_soba,rent_listed,2026-09,2026-09-05
14109,横浜市港北区,1LDK,138000,suumo_soba,rent_listed,2026-09,2026-09-05
14109,横浜市港北区,1R,87000,suumo_soba,rent_listed,2026-09,2026-09-05
14109,横浜市港北区,2DK,144000,suumo_soba,rent_listed,2026-09,2026-09-05
14109,横浜市港北区,2K,113000,suumo_soba,rent_listed,2026-09,2026-09-05
14109,横浜市港北区,2LDK,173000,suumo_soba,rent_listed,2026-09,2026-09-05
14109,横浜市港北区,3K,161000,suumo_soba,rent_listed,2026-09,2026-09-05
14109,横浜市港北区,3LDK,284000,suumo_soba,rent_listed,2026-09,2026-09-05
14109,横浜市港北区,4DK,198000,suumo_soba,rent_listed,2026-09,2026-09-05
14109,横浜市港北区,4K,175000,suumo_soba,rent_listed,2026-09,2026-09-05
14109,横浜市港北区,4LDK,294000,suumo_soba,rent_listed,2026-09,2026-09-05
14109,横浜市港北区,5K以上,249000,suumo_soba,rent_listed,2026-09,2026-09-05
14111,横浜市港南区,1DK,96000,suumo_soba,rent_listed,2026-09,2026-09-05
14111,横浜市港南区,1K,84000,suumo_soba,rent_listed,2026-09,2026-09-05
14111,横浜市港南区,1LDK,124000,suumo_soba,rent_listed,2026-09,2026-09-05
14111,横浜市港南区,1R,82000,suumo_soba,rent_listed,2026-09,2026-09-05
14111,横浜市港南区,2K,99000,suumo_soba,rent_listed,2026-09,2026-09-05
14111,横浜市港南区,2LDK,162000,suumo_soba,rent_listed,2026-09,2026-09-05
14111,横浜市港南区,3DK,161000,suumo_soba,rent_listed,2026-09,2026-09-05
14111,横浜市港南区,3K,128000,suumo_soba,rent_listed,2026-09,2026-09-05
14111,横浜市港南区,3LDK,227000,suumo_soba,rent_listed,2026-09,2026-09-05
14111,横浜市港南区,4DK,210000,suumo_soba,rent_listed,2026-09,2026-09-05
14111,横浜市港南区,4K,162000,suumo_soba,rent_listed,2026-09,2026-09-05
14113,横浜市緑区,1DK,105000,suumo_soba,rent_listed,2026-09,2026-09-05
14113,横浜市緑区,1R,86000,suumo_soba,rent_listed,2026-09,2026-09-05
14113,横浜市緑区,2DK,114000,suumo_soba,rent_listed,2026-09,2026-09-05
14113,横浜市緑区,2K,106000,suumo_soba,rent_listed,2026-09,2026-09-05
14113,横浜市緑区,2LDK,151000,suumo_soba,rent_listed,2026-09,2026-09-05
14113,横浜市緑区,3DK,140000,suumo_soba,rent_listed,2026-09,2026-09-05
14113,横浜市緑区,3K,146000,suumo_soba,rent_listed,2026-09,2026-09-05
14113,横浜市緑区,3LDK,208000,suumo_soba,rent_listed,2026-09,2026-09-05
14113,横浜市緑区,4DK,207000,suumo_soba,rent_listed,2026-09,2026-09-05
14113,横浜市緑区,4K,152000,suumo_soba,rent_listed,2026-09,2026-09-05
14113,横浜市緑区,5K以上,242000,suumo_soba,rent_listed,2026-09,2026-09-05
14117,横浜市青葉区,1DK,111000,suumo_soba,rent_listed,2026-09,2026-09-05
14117,横浜市青葉区,1K,81000,suumo_soba,rent_listed,2026-09,2026-09-05
14117,横浜市青葉区,1LDK,147000,suumo_soba,rent_listed,2026-09,2026-09-05
14117,横浜市青葉区,1R,80000,suumo_soba,rent_listed,2026-09,2026-09-05
14117,横浜市青葉区,2DK,147000,suumo_soba,rent_listed,2026-09,2026-09-05
14117,横浜市青葉区,2K,115000,suumo_soba,rent_listed,2026-09,2026-09-05
14117,横浜市青葉区,2LDK,202000,suumo_soba,rent_listed,2026-09,2026-09-05
14117,横浜市青葉区,3DK,165000,suumo_soba,rent_listed,2026-09,2026-09-05
14117,横浜市青葉区,3K,202000,suumo_soba,rent_listed,2026-09,2026-09-05
14117,横浜市青葉区,3LDK,274000,suumo_soba,rent_listed,2026-09,2026-09-05
14117,横浜市青葉区,4DK,294000,suumo_soba,rent_listed,2026-09,2026-09-05
14117,横浜市青葉区,4K,203000,suumo_soba,rent_listed,2026-09,2026-09-05
14117,横浜市青葉区,4LDK,319000,suumo_soba,rent_listed,2026-09,2026-09-05
14117,横浜市青葉区,5K以上,290000,suumo_soba,rent_listed,2026-09,2026-09-05
14118,横浜市都筑区,1DK,93000,suumo_soba,rent_listed,2026-09,2026-09-05
14118,横浜市都筑区,1K,85000,suumo_soba,rent_listed,2026-09,2026-09-05
14118,横浜市都筑区,1LDK,121000,suumo_soba,rent_listed,2026-09,2026-09-05
14118,横浜市都筑区,1R,84000,suumo_soba,rent_listed,2026-09,2026-09-05
14118,横浜市都筑区,2DK,127000,suumo_soba,rent_listed,2026-09,2026-09-05
14118,横浜市都筑区,2K,99000,suumo_soba,rent_listed,2026-09,2026-09-05
14118,横浜市都筑区,3DK,127000,suumo_soba,rent_listed,2026-09,2026-09-05
14118,横浜市都筑区,3K,138000,suumo_soba,rent_listed,2026-09,2026-09-05
14118,横浜市都筑区,3LDK,201000,suumo_soba,rent_listed,2026-09,2026-09-05
14118,横浜市都筑区,4DK,151000,suumo_soba,rent_listed,2026-09,2026-09-05
14118,横浜市都筑区,4K,145000,suumo_soba,rent_listed,2026-09,2026-09-05
14118,横浜市都筑区,4LDK,294000,suumo_soba,rent_listed,2026-09,2026-09-05
14118,横浜市都筑区,5K以上,186000,suumo_soba,rent_listed,2026-09,2026-09-05
14131,川崎市川崎区,1DK,109000,suumo_soba,rent_listed,2026-09,2026-09-05
14131,川崎市川崎区,1K,88000,suumo_soba,rent_listed,2026-09,2026-09-05
14131,川崎市川崎区,1LDK,122000,suumo_soba,rent_listed,2026-09,2026-09-05
14131,川崎市川崎区,1R,84000,suumo_soba,rent_listed,2026-09,2026-09-05
14131,川崎市川崎区,2DK,151000,suumo_soba,rent_listed,2026-09,2026-09-05
14131,川崎市川崎区,2K,124000,suumo_soba,rent_listed,2026-09,2026-09-05
14131,川崎市川崎区,2LDK,165000,suumo_soba,rent_listed,2026-09,2026-09-05
14131,川崎市川崎区,3K,165000,suumo_soba,rent_listed,2026-09,2026-09-05
14131,川崎市川崎区,3LDK,205000,suumo_soba,rent_listed,2026-09,2026-09-05
14131,川崎市川崎区,4DK,255000,suumo_soba,rent_listed,2026-09,2026-09-05
14131,川崎市川崎区,4K,166000,suumo_soba,rent_listed,2026-09,2026-09-05
14131,川崎市川崎区,5K以上,225000,suumo_soba,rent_listed,2026-09,2026-09-05
14132,川崎市幸区,1DK,104000,suumo_soba,rent_listed,2026-09,2026-09-05
14132,川崎市幸区,1K,92000,suumo_soba,rent_listed,2026-09,2026-09-05
14132,川崎市幸区,1LDK,128000,suumo_soba,rent_listed,2026-09,2026-09-05
14132,川崎市幸区,2DK,128000,suumo_soba,rent_listed,2026-09,2026-09-05
14132,川崎市幸区,2K,118000,suumo_soba,rent_listed,2026-09,2026-09-05
14132,川崎市幸区,2LDK,166000,suumo_soba,rent_listed,2026-09,2026-09-05
14132,川崎市幸区,3DK,144000,suumo_soba,rent_listed,2026-09,2026-09-05
14132,川崎市幸区,3K,129000,suumo_soba,rent_listed,2026-09,2026-09-05
14132,川崎市幸区,3LDK,216000,suumo_soba,rent_listed,2026-09,2026-09-05
14132,川崎市幸区,4DK,219000,suumo_soba,rent_listed,2026-09,2026-09-05
14132,川崎市幸区,4K,167000,suumo_soba,rent_listed,2026-09,2026-09-05
14132,川崎市幸区,4LDK,282000,suumo_soba,rent_listed,2026-09,2026-09-05
14132,川崎市幸区,5K以上,232000,suumo_soba,rent_listed,2026-09,2026-09-05
14133,川崎市中原区,1K,96000,suumo_soba,rent_listed,2026-09,2026-09-05
14133,川崎市中原区,1LDK,146000,suumo_soba,rent_listed,2026-09,2026-09-05
14133,川崎市中原区,1R,90000,suumo_soba,rent_listed,2026-09,2026-09-05
14133,川崎市中原区,2DK,164000,suumo_soba,rent_listed,2026-09,2026-09-05
14133,川崎市中原区,2LDK,222000,suumo_soba,rent_listed,2026-09,2026-09-05
14133,川崎市中原区,3DK,182000,suumo_soba,rent_listed,2026-09,2026-09-05
14133,川崎市中原区,3LDK,279000,suumo_soba,rent_listed,2026-09,2026-09-05
14133,川崎市中原区,4DK,227000,suumo_soba,rent_listed,2026-09,2026-09-05
14133,川崎市中原区,4K,224000,suumo_soba,rent_listed,2026-09,2026-09-05
14133,川崎市中原区,4LDK,387000,suumo_soba,rent_listed,2026-09,2026-09-05
14134,川崎市高津区,1DK,112000,suumo_soba,rent_listed,2026-09,2026-09-05
14134,川崎市高津区,1K,92000,suumo_soba,rent_listed,2026-09,2026-09-05
14134,川崎市高津区,1R,90000,suumo_soba,rent_listed,2026-09,2026-09-05
14134,川崎市高津区,2DK,148000,suumo_soba,rent_listed,2026-09,2026-09-05
14134,川崎市高津区,2K,113000,suumo_soba,rent_listed,2026-09,2026-09-05
14134,川崎市高津区,2LDK,165000,suumo_soba,rent_listed,2026-09,2026-09-05
14134,川崎市高津区,3DK,166000,suumo_soba,rent_listed,2026-09,2026-09-05
14134,川崎市高津区,3K,162000,suumo_soba,rent_listed,2026-09,2026-09-05
14134,川崎市高津区,4DK,202000,suumo_soba,rent_listed,2026-09,2026-09-05
14134,川崎市高津区,4K,169000,suumo_soba,rent_listed,2026-09,2026-09-05
14134,川崎市高津区,4LDK,229000,suumo_soba,rent_listed,2026-09,2026-09-05
14134,川崎市高津区,5K以上,178000,suumo_soba,rent_listed,2026-09,2026-09-05
14135,川崎市多摩区,1DK,95000,suumo_soba,rent_listed,2026-09,2026-09-05
14135,川崎市多摩区,1K,87000,suumo_soba,rent_listed,2026-09,2026-09-05
14135,川崎市多摩区,1LDK,130000,suumo_soba,rent_listed,2026-09,2026-09-05
14135,川崎市多摩区,1R,80000,suumo_soba,rent_listed,2026-09,2026-09-05
14135,川崎市多摩区,2LDK,169000,suumo_soba,rent_listed,2026-09,2026-09-05
14135,川崎市多摩区,3LDK,268000,suumo_soba,rent_listed,2026-09,2026-09-05
14135,川崎市多摩区,4DK,249000,suumo_soba,rent_listed,2026-09,2026-09-05
14135,川崎市多摩区,4K,218000,suumo_soba,rent_listed,2026-09,2026-09-05
14135,川崎市多摩区,4LDK,230000,suumo_soba,rent_listed,2026-09,2026-09-05
14136,川崎市宮前区,1DK,98000,suumo_soba,rent_listed,2026-09,2026-09-05
14136,川崎市宮前区,1K,98000,suumo_soba,rent_listed,2026-09,2026-09-05
14136,川崎市宮前区,1LDK,125000,suumo_soba,rent_listed,2026-09,2026-09-05
14136,川崎市宮前区,1R,91000,suumo_soba,rent_listed,2026-09,2026-09-05
14136,川崎市宮前区,2K,99000,suumo_soba,rent_listed,2026-09,2026-09-05
14136,川崎市宮前区,2LDK,170000,suumo_soba,rent_listed,2026-09,2026-09-05
14136,川崎市宮前区,3K,193000,suumo_soba,rent_listed,2026-09,2026-09-05
14136,川崎市宮前区,3LDK,239000,suumo_soba,rent_listed,2026-09,2026-09-05
14136,川崎市宮前区,4K,203000,suumo_soba,rent_listed,2026-09,2026-09-05
14136,川崎市宮前区,4LDK,376000,suumo_soba,rent_listed,2026-09,2026-09-05
14137,川崎市麻生区,1DK,98000,suumo_soba,rent_listed,2026-09,2026-09-05
14137,川崎市麻生区,1K,77000,suumo_soba,rent_listed,2026-09,2026-09-05
14137,川崎市麻生区,1LDK,115000,suumo_soba,rent_listed,2026-09,2026-09-05
14137,川崎市麻生区,1R,74000,suumo_soba,rent_listed,2026-09,2026-09-05
14137,川崎市麻生区,2DK,120000,suumo_soba,rent_listed,2026-09,2026-09-05
14137,川崎市麻生区,2K,100000,suumo_soba,rent_listed,2026-09,2026-09-05
14137,川崎市麻生区,2LDK,138000,suumo_soba,rent_listed,2026-09,2026-09-05
14137,川崎市麻生区,3DK,180000,suumo_soba,rent_listed,2026-09,2026-09-05
14137,川崎市麻生区,3K,179000,suumo_soba,rent_listed,2026-09,2026-09-05
14137,川崎市麻生区,3LDK,199000,suumo_soba,rent_listed,2026-09,2026-09-05
14137,川崎市麻生区,4DK,212000,suumo_soba,rent_listed,2026-09,2026-09-05
14137,川崎市麻生区,4K,181000,suumo_soba,rent_listed,2026-09,2026-09-05
14137,川崎市麻生区,4LDK,288000,suumo_soba,rent_listed,2026-09,2026-09-05
14137,川崎市麻生区,5K以上,246000,suumo_soba,rent_listed,2026-09,2026-09-05
